date,fish_id,sinhala_name,common_name,predicted_price
2026-02-18,2,පරව් (ලොකු),Trevally (L),1171.736301401601
2026-02-18,3,ගල්මාළු (ලොකු),Rock fish (L),1251.693244382007
2026-02-18,4,තලපත්,Sail fish,1594.837488916252
2026-02-18,5,බලයා,Skipjack tuna,698.819629710823
2026-02-18,6,කෙළවල්ලා,Yellowfin tuna,1241.3156098181526
2026-02-18,7,සාලයා (මට්ට),Sardinella,400.1406914051419
2026-02-18,8,මෝරා,Sharks,994.9188650719661
2026-02-18,9,හුරුල්ලා,Herrings,854.2051566109126
2026-02-18,10,කුම්බලා,Indian Mackerel,817.9958752138127
2026-02-18,11,කාරල්ලා,Pony fish,241.13613080626644
2026-02-18,12,කටුවල්ලා,Katuwalla,454.6995214297658
2026-02-18,13,හාල්මැස්සා,Anchovy,327.2868269213097
2026-02-18,14,ඉස්සා (M),"Prawns (M) 3""",1906.8699792059829
2026-02-18,15,කොප්පරා,Marlins,1797.5243424413295
2026-02-18,16,අලගොඩුවා,Frigate tuna,673.9830868107115
2026-02-18,17,ඇටවල්ලා,Atawalla,789.8116293798219
2026-02-18,18,ඇටිස්සා,Red Bream,1264.4652612876182
2026-02-18,19,බෝල්ලා,Big eye scade,739.2821604589642
2026-02-18,20,ගින්නටි පරව්,Ginnati Paraw,1032.7670219895344
2026-02-18,21,හබරලි,Needle fish,943.7830565534414
2026-02-18,22,හැඩැල්ලා,Indian Anchovies,1921.1163740228608
2026-02-18,23,ජීලාවා,Barracuda,1229.2682506313206
2026-02-18,24,ලින්නා,Indian Scad,672.7098052948463
2026-02-18,25,ලේන පරව්,Rainbow Runner,666.1157175145509
2026-02-18,26,සුද්දා,Threadfin  Bream,950.467393556761
2026-02-18,27,සූඩයා,White Sardinella,286.9524257875102
2026-02-18,28,දැල්ලා,Squids /Cuttle fish,1617.8345965906337
2026-02-18,29,කකුළුවා,Sea Crabs,1929.5439172530466
2026-02-18,30,තිලාපියා,Tilapia (M),502.3262267189548
2026-02-18,31,කකුළුවා(L),Sea Crabs(L),1862.5455834954296
2026-02-18,32,තිලාපියා,Tilapia (M),502.3262267189548
2026-02-19,2,පරව් (ලොකු),Trevally (L),1168.4852169839469
2026-02-19,3,ගල්මාළු (ලොකු),Rock fish (L),1199.5527396073794
2026-02-19,4,තලපත්,Sail fish,1567.7448797797542
2026-02-19,5,බලයා,Skipjack tuna,676.0135886026858
2026-02-19,6,කෙළවල්ලා,Yellowfin tuna,1162.960400120569
2026-02-19,7,සාලයා (මට්ට),Sardinella,387.8344047804453
2026-02-19,8,මෝරා,Sharks,993.6114874229102
2026-02-19,9,හුරුල්ලා,Herrings,801.3179535279305
2026-02-19,10,කුම්බලා,Indian Mackerel,804.73124536286
2026-02-19,11,කාරල්ලා,Pony fish,239.9051288532524
2026-02-19,12,කටුවල්ලා,Katuwalla,474.5333370504703
2026-02-19,13,හාල්මැස්සා,Anchovy,305.0736514102488
2026-02-19,14,ඉස්සා (M),"Prawns (M) 3""",1870.1483331355967
2026-02-19,15,කොප්පරා,Marlins,1859.6425552361477
2026-02-19,16,අලගොඩුවා,Frigate tuna,678.2910611373713
2026-02-19,17,ඇටවල්ලා,Atawalla,754.8702311789975
2026-02-19,18,ඇටිස්සා,Red Bream,1229.9621204707664
2026-02-19,19,බෝල්ලා,Big eye scade,722.0912397996547
2026-02-19,20,ගින්නටි පරව්,Ginnati Paraw,1059.3145922118053
2026-02-19,21,හබරලි,Needle fish,918.659825467857
2026-02-19,22,හැඩැල්ලා,Indian Anchovies,1807.900370737517
2026-02-19,23,ජීලාවා,Barracuda,1226.7891947996818
2026-02-19,24,ලින්නා,Indian Scad,646.1776952910739
2026-02-19,25,ලේන පරව්,Rainbow Runner,656.4843568241824
2026-02-19,26,සුද්දා,Threadfin  Bream,952.3643670979425
2026-02-19,27,සූඩයා,White Sardinella,275.9112839710726
2026-02-19,28,දැල්ලා,Squids /Cuttle fish,1601.5905621994143
2026-02-19,29,කකුළුවා,Sea Crabs,1992.8700530386654
2026-02-19,30,තිලාපියා,Tilapia (M),513.65187290058
2026-02-19,31,කකුළුවා(L),Sea Crabs(L),1992.7362201061494
2026-02-19,32,තිලාපියා,Tilapia (M),513.65187290058
2026-02-20,2,පරව් (ලොකු),Trevally (L),1156.5857470617339
2026-02-20,3,ගල්මාළු (ලොකු),Rock fish (L),1217.7103870498358
2026-02-20,4,තලපත්,Sail fish,1564.6528389245404
2026-02-20,5,බලයා,Skipjack tuna,673.7733236627464
2026-02-20,6,කෙළවල්ලා,Yellowfin tuna,1125.592373771669
2026-02-20,7,සාලයා (මට්ට),Sardinella,377.50805685361837
2026-02-20,8,මෝරා,Sharks,963.5336924097285
2026-02-20,9,හුරුල්ලා,Herrings,834.1815302316204
2026-02-20,10,කුම්බලා,Indian Mackerel,825.9757397781955
2026-02-20,11,කාරල්ලා,Pony fish,228.37935243544118
2026-02-20,12,කටුවල්ලා,Katuwalla,450.45011437684514
2026-02-20,13,හාල්මැස්සා,Anchovy,274.63867549080874
2026-02-20,14,ඉස්සා (M),"Prawns (M) 3""",1915.1485887184003
2026-02-20,15,කොප්පරා,Marlins,1761.1691502691042
2026-02-20,16,අලගොඩුවා,Frigate tuna,652.5931576372693
2026-02-20,17,ඇටවල්ලා,Atawalla,750.3683010273122
2026-02-20,18,ඇටිස්සා,Red Bream,1230.610156117749
2026-02-20,19,බෝල්ලා,Big eye scade,725.1917765814742
2026-02-20,20,ගින්නටි පරව්,Ginnati Paraw,1054.1117369685567
2026-02-20,21,හබරලි,Needle fish,911.653853031529
2026-02-20,22,හැඩැල්ලා,Indian Anchovies,1871.7568123260153
2026-02-20,23,ජීලාවා,Barracuda,1275.2199626671245
2026-02-20,24,ලින්නා,Indian Scad,623.3700152833273
2026-02-20,25,ලේන පරව්,Rainbow Runner,643.1084347097378
2026-02-20,26,සුද්දා,Threadfin  Bream,943.4648906022619
2026-02-20,27,සූඩයා,White Sardinella,264.9136010217894
2026-02-20,28,දැල්ලා,Squids /Cuttle fish,1589.173805748708
2026-02-20,29,කකුළුවා,Sea Crabs,1978.7380591145375
2026-02-20,30,තිලාපියා,Tilapia (M),486.46408511803355
2026-02-20,31,කකුළුවා(L),Sea Crabs(L),1939.8799043584004
2026-02-20,32,තිලාපියා,Tilapia (M),486.46408511803355
2026-02-21,2,පරව් (ලොකු),Trevally (L),1126.467510585614
2026-02-21,3,ගල්මාළු (ලොකු),Rock fish (L),1137.3440314567802
2026-02-21,4,තලපත්,Sail fish,1541.1139056736397
2026-02-21,5,බලයා,Skipjack tuna,642.777478458672
2026-02-21,6,කෙළවල්ලා,Yellowfin tuna,1107.6672977213643
2026-02-21,7,සාලයා (මට්ට),Sardinella,372.4760179466531
2026-02-21,8,මෝරා,Sharks,996.171163042485
2026-02-21,9,හුරුල්ලා,Herrings,789.8003068640026
2026-02-21,10,කුම්බලා,Indian Mackerel,774.4209110844625
2026-02-21,11,කාරල්ලා,Pony fish,217.32466942091895
2026-02-21,12,කටුවල්ලා,Katuwalla,426.13030628368733
2026-02-21,13,හාල්මැස්සා,Anchovy,288.8410033623111
2026-02-21,14,ඉස්සා (M),"Prawns (M) 3""",1870.2851678850936
2026-02-21,15,කොප්පරා,Marlins,1709.8537787260211
2026-02-21,16,අලගොඩුවා,Frigate tuna,660.1224944547564
2026-02-21,17,ඇටවල්ලා,Atawalla,746.4257119227917
2026-02-21,18,ඇටිස්සා,Red Bream,1195.1233752980863
2026-02-21,19,බෝල්ලා,Big eye scade,708.2342752560621
2026-02-21,20,ගින්නටි පරව්,Ginnati Paraw,898.9947834701347
2026-02-21,21,හබරලි,Needle fish,856.7249530928759
2026-02-21,22,හැඩැල්ලා,Indian Anchovies,1831.369296781547
2026-02-21,23,ජීලාවා,Barracuda,1141.737648150775
2026-02-21,24,ලින්නා,Indian Scad,619.149090671634
2026-02-21,25,ලේන පරව්,Rainbow Runner,621.4574047226101
2026-02-21,26,සුද්දා,Threadfin  Bream,840.4052555229064
2026-02-21,27,සූඩයා,White Sardinella,245.4962002197004
2026-02-21,28,දැල්ලා,Squids /Cuttle fish,1593.230829518685
2026-02-21,29,කකුළුවා,Sea Crabs,1920.0876084456524
2026-02-21,30,තිලාපියා,Tilapia (M),467.09059821575994
2026-02-21,31,කකුළුවා(L),Sea Crabs(L),1889.0509273180082
2026-02-21,32,තිලාපියා,Tilapia (M),467.09059821575994
2026-02-22,2,පරව් (ලොකු),Trevally (L),1136.7148175529614
2026-02-22,3,ගල්මාළු (ලොකු),Rock fish (L),1125.7019205834986
2026-02-22,4,තලපත්,Sail fish,1505.3743358561057
2026-02-22,5,බලයා,Skipjack tuna,648.7386539069867
2026-02-22,6,කෙළවල්ලා,Yellowfin tuna,1131.3469679720445
2026-02-22,7,සාලයා (මට්ට),Sardinella,378.02838133010687
2026-02-22,8,මෝරා,Sharks,1009.6452729275705
2026-02-22,9,හුරුල්ලා,Herrings,811.5922467496806
2026-02-22,10,කුම්බලා,Indian Mackerel,788.995185936441
2026-02-22,11,කාරල්ලා,Pony fish,219.30162132082916
2026-02-22,12,කටුවල්ලා,Katuwalla,406.7994111866224
2026-02-22,13,හාල්මැස්සා,Anchovy,307.86164188867144
2026-02-22,14,ඉස්සා (M),"Prawns (M) 3""",1852.7395439828424
2026-02-22,15,කොප්පරා,Marlins,1720.6515104908017
2026-02-22,16,අලගොඩුවා,Frigate tuna,661.8960505205483
2026-02-22,17,ඇටවල්ලා,Atawalla,770.560981698102
2026-02-22,18,ඇටිස්සා,Red Bream,1203.0302115055586
2026-02-22,19,බෝල්ලා,Big eye scade,711.8472972105817
2026-02-22,20,ගින්නටි පරව්,Ginnati Paraw,885.2835420190358
2026-02-22,21,හබරලි,Needle fish,876.3667140485611
2026-02-22,22,හැඩැල්ලා,Indian Anchovies,1804.9290358323378
2026-02-22,23,ජීලාවා,Barracuda,1113.3101921075943
2026-02-22,24,ලින්නා,Indian Scad,660.9872293275471
2026-02-22,25,ලේන පරව්,Rainbow Runner,652.4956797121009
2026-02-22,26,සුද්දා,Threadfin  Bream,848.7752119136494
2026-02-22,27,සූඩයා,White Sardinella,266.8823841782247
2026-02-22,28,දැල්ලා,Squids /Cuttle fish,1623.8738432773134
2026-02-22,29,කකුළුවා,Sea Crabs,1917.919877490841
2026-02-22,30,තිලාපියා,Tilapia (M),437.35243208458155
2026-02-22,31,කකුළුවා(L),Sea Crabs(L),1880.1192017780995
2026-02-22,32,තිලාපියා,Tilapia (M),437.35243208458155
2026-02-23,2,පරව් (ලොකු),Trevally (L),1167.8820779124512
2026-02-23,3,ගල්මාළු (ලොකු),Rock fish (L),1179.7267138026464
2026-02-23,4,තලපත්,Sail fish,1610.5977593870812
2026-02-23,5,බලයා,Skipjack tuna,716.7410521499326
2026-02-23,6,කෙළවල්ලා,Yellowfin tuna,1244.0745369447677
2026-02-23,7,සාලයා (මට්ට),Sardinella,415.49186005157105
2026-02-23,8,මෝරා,Sharks,1015.762889153668
2026-02-23,9,හුරුල්ලා,Herrings,807.1604127806863
2026-02-23,10,කුම්බලා,Indian Mackerel,807.3726652046169
2026-02-23,11,කාරල්ලා,Pony fish,251.80883909693063
2026-02-23,12,කටුවල්ලා,Katuwalla,458.7369821776824
2026-02-23,13,හාල්මැස්සා,Anchovy,342.92833723401793
2026-02-23,14,ඉස්සා (M),"Prawns (M) 3""",1890.7052349899984
2026-02-23,15,කොප්පරා,Marlins,1830.3657062948087
2026-02-23,16,අලගොඩුවා,Frigate tuna,748.0126199552849
2026-02-23,17,ඇටවල්ලා,Atawalla,906.5688553723876
2026-02-23,18,ඇටිස්සා,Red Bream,1233.5720498739613
2026-02-23,19,බෝල්ලා,Big eye scade,743.5530133885859
2026-02-23,20,ගින්නටි පරව්,Ginnati Paraw,959.0338491397949
2026-02-23,21,හබරලි,Needle fish,929.0935165971092
2026-02-23,22,හැඩැල්ලා,Indian Anchovies,1777.208197364756
2026-02-23,23,ජීලාවා,Barracuda,1144.7496685419105
2026-02-23,24,ලින්නා,Indian Scad,660.2981939882742
2026-02-23,25,ලේන පරව්,Rainbow Runner,672.2160257636642
2026-02-23,26,සුද්දා,Threadfin  Bream,962.4754017859196
2026-02-23,27,සූඩයා,White Sardinella,304.9370885308017
2026-02-23,28,දැල්ලා,Squids /Cuttle fish,1605.8594546495715
2026-02-23,29,කකුළුවා,Sea Crabs,1947.8995872683472
2026-02-23,30,තිලාපියා,Tilapia (M),480.98949177991165
2026-02-23,31,කකුළුවා(L),Sea Crabs(L),1934.4045357353425
2026-02-23,32,තිලාපියා,Tilapia (M),480.98949177991165
2026-02-24,2,පරව් (ලොකු),Trevally (L),1161.337387412685
2026-02-24,3,ගල්මාළු (ලොකු),Rock fish (L),1169.0838252631195
2026-02-24,4,තලපත්,Sail fish,1634.475086592275
2026-02-24,5,බලයා,Skipjack tuna,682.6000754830421
2026-02-24,6,කෙළවල්ලා,Yellowfin tuna,1205.093135222991
2026-02-24,7,සාලයා (මට්ට),Sardinella,377.5586268185341
2026-02-24,8,මෝරා,Sharks,999.235222266751
2026-02-24,9,හුරුල්ලා,Herrings,808.2177487147253
2026-02-24,10,කුම්බලා,Indian Mackerel,774.2049789818134
2026-02-24,11,කාරල්ලා,Pony fish,234.25884715840468
2026-02-24,12,කටුවල්ලා,Katuwalla,455.2588965133108
2026-02-24,13,හාල්මැස්සා,Anchovy,297.19710007922157
2026-02-24,14,ඉස්සා (M),"Prawns (M) 3""",1889.9708531782449
2026-02-24,15,කොප්පරා,Marlins,1795.267961424001
2026-02-24,16,අලගොඩුවා,Frigate tuna,713.1361453054482
2026-02-24,17,ඇටවල්ලා,Atawalla,847.1478009675106
2026-02-24,18,ඇටිස්සා,Red Bream,1215.3469232170683
2026-02-24,19,බෝල්ලා,Big eye scade,723.9693539881625
2026-02-24,20,ගින්නටි පරව්,Ginnati Paraw,942.394808961395
2026-02-24,21,හබරලි,Needle fish,880.927205849017
2026-02-24,22,හැඩැල්ලා,Indian Anchovies,1746.7779749510973
2026-02-24,23,ජීලාවා,Barracuda,1165.0857447291105
2026-02-24,24,ලින්නා,Indian Scad,613.962584965979
2026-02-24,25,ලේන පරව්,Rainbow Runner,635.3797002134028
2026-02-24,26,සුද්දා,Threadfin  Bream,908.3773614540971
2026-02-24,27,සූඩයා,White Sardinella,254.32163208111552
2026-02-24,28,දැල්ලා,Squids /Cuttle fish,1602.8060762115092
2026-02-24,29,කකුළුවා,Sea Crabs,1925.1588675873973
2026-02-24,30,තිලාපියා,Tilapia (M),489.31440412449297
2026-02-24,31,කකුළුවා(L),Sea Crabs(L),1887.4652698808957
2026-02-24,32,තිලාපියා,Tilapia (M),489.31440412449297
2026-02-25,2,පරව් (ලොකු),Trevally (L),1117.7093169522254
2026-02-25,3,ගල්මාළු (ලොකු),Rock fish (L),1098.413607165247
2026-02-25,4,තලපත්,Sail fish,1584.3216929956188
2026-02-25,5,බලයා,Skipjack tuna,634.9873415377743
2026-02-25,6,කෙළවල්ලා,Yellowfin tuna,1125.6644574351794
2026-02-25,7,සාලයා (මට්ට),Sardinella,363.83923065774735
2026-02-25,8,මෝරා,Sharks,983.5999245442928
2026-02-25,9,හුරුල්ලා,Herrings,759.6968732846537
2026-02-25,10,කුම්බලා,Indian Mackerel,744.197792443581
2026-02-25,11,කාරල්ලා,Pony fish,213.03271932447956
2026-02-25,12,කටුවල්ලා,Katuwalla,447.8557327487986
2026-02-25,13,හාල්මැස්සා,Anchovy,295.4693131755222
2026-02-25,14,ඉස්සා (M),"Prawns (M) 3""",1873.9176441347322
2026-02-25,15,කොප්පරා,Marlins,1766.751550838831
2026-02-25,16,අලගොඩුවා,Frigate tuna,679.9508279604133
2026-02-25,17,ඇටවල්ලා,Atawalla,747.8044462658131
2026-02-25,18,ඇටිස්සා,Red Bream,1142.151579393496
2026-02-25,19,බෝල්ලා,Big eye scade,685.0402547379291
2026-02-25,20,ගින්නටි පරව්,Ginnati Paraw,898.0240405533126
2026-02-25,21,හබරලි,Needle fish,839.7070883836992
2026-02-25,22,හැඩැල්ලා,Indian Anchovies,1730.6169647332044
2026-02-25,23,ජීලාවා,Barracuda,1100.7255740306812
2026-02-25,24,ලින්නා,Indian Scad,567.103876699916
2026-02-25,25,ලේන පරව්,Rainbow Runner,600.7229327634736
2026-02-25,26,සුද්දා,Threadfin  Bream,883.3664949235729
2026-02-25,27,සූඩයා,White Sardinella,243.93721079372267
2026-02-25,28,දැල්ලා,Squids /Cuttle fish,1597.289305217515
2026-02-25,29,කකුළුවා,Sea Crabs,1923.704275700168
2026-02-25,30,තිලාපියා,Tilapia (M),487.2948756479824
2026-02-25,31,කකුළුවා(L),Sea Crabs(L),1888.4820352867646
2026-02-25,32,තිලාපියා,Tilapia (M),487.2948756479824
2026-02-26,2,පරව් (ලොකු),Trevally (L),1129.3040552155205
2026-02-26,3,ගල්මාළු (ලොකු),Rock fish (L),1081.5416334843892
2026-02-26,4,තලපත්,Sail fish,1499.202545561142
2026-02-26,5,බලයා,Skipjack tuna,641.1760088712598
2026-02-26,6,කෙළවල්ලා,Yellowfin tuna,1070.7408265403737
2026-02-26,7,සාලයා (මට්ට),Sardinella,348.7914836324348
2026-02-26,8,මෝරා,Sharks,941.6663928536891
2026-02-26,9,හුරුල්ලා,Herrings,776.4011717895753
2026-02-26,10,කුම්බලා,Indian Mackerel,788.4073349605902
2026-02-26,11,කාරල්ලා,Pony fish,240.013370544173
2026-02-26,12,කටුවල්ලා,Katuwalla,458.6199637913056
2026-02-26,13,හාල්මැස්සා,Anchovy,320.0547672129595
2026-02-26,14,ඉස්සා (M),"Prawns (M) 3""",1902.866384088779
2026-02-26,15,කොප්පරා,Marlins,1759.9306488810294
2026-02-26,16,අලගොඩුවා,Frigate tuna,577.4979181120582
2026-02-26,17,ඇටවල්ලා,Atawalla,727.7418573378859
2026-02-26,18,ඇටිස්සා,Red Bream,1154.3354805840104
2026-02-26,19,බෝල්ලා,Big eye scade,703.9882010235317
2026-02-26,20,ගින්නටි පරව්,Ginnati Paraw,905.065782608916
2026-02-26,21,හබරලි,Needle fish,859.3001651041131
2026-02-26,22,හැඩැල්ලා,Indian Anchovies,1722.1765143788552
2026-02-26,23,ජීලාවා,Barracuda,1114.9162446042105
2026-02-26,24,ලින්නා,Indian Scad,573.9116348229427
2026-02-26,25,ලේන පරව්,Rainbow Runner,603.8045380141839
2026-02-26,26,සුද්දා,Threadfin  Bream,880.2159358018969
2026-02-26,27,සූඩයා,White Sardinella,248.6329836047862
2026-02-26,28,දැල්ලා,Squids /Cuttle fish,1595.0432099740187
2026-02-26,29,කකුළුවා,Sea Crabs,1952.6655826490942
2026-02-26,30,තිලාපියා,Tilapia (M),502.97660522840874
2026-02-26,31,කකුළුවා(L),Sea Crabs(L),1910.9536502575925
2026-02-26,32,තිලාපියා,Tilapia (M),502.97660522840874
2026-02-27,2,පරව් (ලොකු),Trevally (L),1095.3522143621017
2026-02-27,3,ගල්මාළු (ලොකු),Rock fish (L),1068.657023157682
2026-02-27,4,තලපත්,Sail fish,1466.5141476069402
2026-02-27,5,බලයා,Skipjack tuna,620.3836883191609
2026-02-27,6,කෙළවල්ලා,Yellowfin tuna,1007.6004463342517
2026-02-27,7,සාලයා (මට්ට),Sardinella,313.62877931254536
2026-02-27,8,මෝරා,Sharks,932.4030968467362
2026-02-27,9,හුරුල්ලා,Herrings,764.2856101936185
2026-02-27,10,කුම්බලා,Indian Mackerel,792.8713852422127
2026-02-27,11,කාරල්ලා,Pony fish,241.57637475976378
2026-02-27,12,කටුවල්ලා,Katuwalla,450.31249101186125
2026-02-27,13,හාල්මැස්සා,Anchovy,299.2949869430124
2026-02-27,14,ඉස්සා (M),"Prawns (M) 3""",1888.2286040027295
2026-02-27,15,කොප්පරා,Marlins,1687.8336008274066
2026-02-27,16,අලගොඩුවා,Frigate tuna,557.8706931488629
2026-02-27,17,ඇටවල්ලා,Atawalla,711.4568306619223
2026-02-27,18,ඇටිස්සා,Red Bream,1160.535707318258
2026-02-27,19,බෝල්ලා,Big eye scade,694.3066446631951
2026-02-27,20,ගින්නටි පරව්,Ginnati Paraw,890.742687434642
2026-02-27,21,හබරලි,Needle fish,857.9045946842164
2026-02-27,22,හැඩැල්ලා,Indian Anchovies,1715.0409066591005
2026-02-27,23,ජීලාවා,Barracuda,1122.713256864986
2026-02-27,24,ලින්නා,Indian Scad,564.6785762185399
2026-02-27,25,ලේන පරව්,Rainbow Runner,582.3856007430095
2026-02-27,26,සුද්දා,Threadfin  Bream,880.1822559693564
2026-02-27,27,සූඩයා,White Sardinella,220.18727713152595
2026-02-27,28,දැල්ලා,Squids /Cuttle fish,1557.7050078659136
2026-02-27,29,කකුළුවා,Sea Crabs,1960.3538349164485
2026-02-27,30,තිලාපියා,Tilapia (M),481.08798110052686
2026-02-27,31,කකුළුවා(L),Sea Crabs(L),1934.8601466164828
2026-02-27,32,තිලාපියා,Tilapia (M),481.08798110052686
2026-02-28,2,පරව් (ලොකු),Trevally (L),1245.2922154767755
2026-02-28,3,ගල්මාළු (ලොකු),Rock fish (L),1204.6701845462653
2026-02-28,4,තලපත්,Sail fish,1480.1226205483817
2026-02-28,5,බලයා,Skipjack tuna,676.659315082019
2026-02-28,6,කෙළවල්ලා,Yellowfin tuna,1046.1333587649679
2026-02-28,7,සාලයා (මට්ට),Sardinella,336.10879817949757
2026-02-28,8,මෝරා,Sharks,1037.5138581843717
2026-02-28,9,හුරුල්ලා,Herrings,772.9061050243306
2026-02-28,10,කුම්බලා,Indian Mackerel,817.2112068966337
2026-02-28,11,කාරල්ලා,Pony fish,235.53765775980787
2026-02-28,12,කටුවල්ලා,Katuwalla,450.5691518969211
2026-02-28,13,හාල්මැස්සා,Anchovy,391.07286721682436
2026-02-28,14,ඉස්සා (M),"Prawns (M) 3""",1872.380578894365
2026-02-28,15,කොප්පරා,Marlins,1714.325767234373
2026-02-28,16,අලගොඩුවා,Frigate tuna,575.2193285658888
2026-02-28,17,ඇටවල්ලා,Atawalla,711.74340919633
2026-02-28,18,ඇටිස්සා,Red Bream,1185.188525724181
2026-02-28,19,බෝල්ලා,Big eye scade,734.7270188943367
2026-02-28,20,ගින්නටි පරව්,Ginnati Paraw,1045.4798386426849
2026-02-28,21,හබරලි,Needle fish,927.2432707855174
2026-02-28,22,හැඩැල්ලා,Indian Anchovies,1730.2190927934048
2026-02-28,23,ජීලාවා,Barracuda,1280.0517750694548
2026-02-28,24,ලින්නා,Indian Scad,568.7273999325571
2026-02-28,25,ලේන පරව්,Rainbow Runner,601.7445329294414
2026-02-28,26,සුද්දා,Threadfin  Bream,899.9397546725936
2026-02-28,27,සූඩයා,White Sardinella,253.33415960890386
2026-02-28,28,දැල්ලා,Squids /Cuttle fish,1596.2088267824063
2026-02-28,29,කකුළුවා,Sea Crabs,2092.452085066022
2026-02-28,30,තිලාපියා,Tilapia (M),491.48145857671096
2026-02-28,31,කකුළුවා(L),Sea Crabs(L),2088.244008321978
2026-02-28,32,තිලාපියා,Tilapia (M),491.48145857671096
2026-03-01,2,පරව් (ලොකු),Trevally (L),1223.6789638267242
2026-03-01,3,ගල්මාළු (ලොකු),Rock fish (L),1207.9186910357196
2026-03-01,4,තලපත්,Sail fish,1437.3010122595929
2026-03-01,5,බලයා,Skipjack tuna,700.2151933496084
2026-03-01,6,කෙළවල්ලා,Yellowfin tuna,1037.2143995307945
2026-03-01,7,සාලයා (මට්ට),Sardinella,326.3682569847397
2026-03-01,8,මෝරා,Sharks,932.6618435250791
2026-03-01,9,හුරුල්ලා,Herrings,780.3980300378394
2026-03-01,10,කුම්බලා,Indian Mackerel,828.2779747264198
2026-03-01,11,කාරල්ලා,Pony fish,255.91395886506433
2026-03-01,12,කටුවල්ලා,Katuwalla,457.2219983421914
2026-03-01,13,හාල්මැස්සා,Anchovy,369.4704811150041
2026-03-01,14,ඉස්සා (M),"Prawns (M) 3""",1707.2285187847501
2026-03-01,15,කොප්පරා,Marlins,1564.6581957497115
2026-03-01,16,අලගොඩුවා,Frigate tuna,605.257464781564
2026-03-01,17,ඇටවල්ලා,Atawalla,735.7929011942763
2026-03-01,18,ඇටිස්සා,Red Bream,1176.0054550607933
2026-03-01,19,බෝල්ලා,Big eye scade,745.837115113703
2026-03-01,20,ගින්නටි පරව්,Ginnati Paraw,1059.4462662111173
2026-03-01,21,හබරලි,Needle fish,929.0460349491427
2026-03-01,22,හැඩැල්ලා,Indian Anchovies,1737.867590563058
2026-03-01,23,ජීලාවා,Barracuda,1251.2537201204018
2026-03-01,24,ලින්නා,Indian Scad,597.1999036426723
2026-03-01,25,ලේන පරව්,Rainbow Runner,603.3723710542099
2026-03-01,26,සුද්දා,Threadfin  Bream,850.8932220088194
2026-03-01,27,සූඩයා,White Sardinella,266.26274943836324
2026-03-01,28,දැල්ලා,Squids /Cuttle fish,1594.7088744013645
2026-03-01,29,කකුළුවා,Sea Crabs,2045.2704995275517
2026-03-01,30,තිලාපියා,Tilapia (M),478.80732941446803
2026-03-01,31,කකුළුවා(L),Sea Crabs(L),2084.1090161651587
2026-03-01,32,තිලාපියා,Tilapia (M),478.80732941446803
2026-03-02,2,පරව් (ලොකු),Trevally (L),1071.1688408647558
2026-03-02,3,ගල්මාළු (ලොකු),Rock fish (L),1069.2101618686193
2026-03-02,4,තලපත්,Sail fish,1444.3658436021153
2026-03-02,5,බලයා,Skipjack tuna,665.4756837055128
2026-03-02,6,කෙළවල්ලා,Yellowfin tuna,1025.228099227043
2026-03-02,7,සාලයා (මට්ට),Sardinella,360.553903641282
2026-03-02,8,මෝරා,Sharks,881.4463107785008
2026-03-02,9,හුරුල්ලා,Herrings,762.2806600059273
2026-03-02,10,කුම්බලා,Indian Mackerel,811.5422742048347
2026-03-02,11,කාරල්ලා,Pony fish,237.08750445238877
2026-03-02,12,කටුවල්ලා,Katuwalla,437.2824716819179
2026-03-02,13,හාල්මැස්සා,Anchovy,346.7631481380134
2026-03-02,14,ඉස්සා (M),"Prawns (M) 3""",1889.4266226138288
2026-03-02,15,කොප්පරා,Marlins,1583.7684133391917
2026-03-02,16,අලගොඩුවා,Frigate tuna,651.6504953172921
2026-03-02,17,ඇටවල්ලා,Atawalla,818.0856201851711
2026-03-02,18,ඇටිස්සා,Red Bream,1128.8767134772543
2026-03-02,19,බෝල්ලා,Big eye scade,687.742429986246
2026-03-02,20,ගින්නටි පරව්,Ginnati Paraw,913.5495222741167
2026-03-02,21,හබරලි,Needle fish,898.4579182090082
2026-03-02,22,හැඩැල්ලා,Indian Anchovies,1739.3193635820971
2026-03-02,23,ජීලාවා,Barracuda,1070.8905630939219
2026-03-02,24,ලින්නා,Indian Scad,595.7477041922175
2026-03-02,25,ලේන පරව්,Rainbow Runner,625.9106790218923
2026-03-02,26,සුද්දා,Threadfin  Bream,844.4971804778652
2026-03-02,27,සූඩයා,White Sardinella,282.1818186280593
2026-03-02,28,දැල්ලා,Squids /Cuttle fish,1598.0125178901353
2026-03-02,29,කකුළුවා,Sea Crabs,1959.4328935159624
2026-03-02,30,තිලාපියා,Tilapia (M),480.009262260542
2026-03-02,31,කකුළුවා(L),Sea Crabs(L),1940.672155154939
2026-03-02,32,තිලාපියා,Tilapia (M),480.009262260542
2026-03-03,2,පරව් (ලොකු),Trevally (L),1060.3544303208428
2026-03-03,3,ගල්මාළු (ලොකු),Rock fish (L),1064.3217889906214
2026-03-03,4,තලපත්,Sail fish,1414.8593118054687
2026-03-03,5,බලයා,Skipjack tuna,675.526584547216
2026-03-03,6,කෙළවල්ලා,Yellowfin tuna,1024.5207044382803
2026-03-03,7,සාලයා (මට්ට),Sardinella,349.9695259323699
2026-03-03,8,මෝරා,Sharks,891.6000243791059
2026-03-03,9,හුරුල්ලා,Herrings,708.8935215388519
2026-03-03,10,කුම්බලා,Indian Mackerel,714.93570067938
2026-03-03,11,කාරල්ලා,Pony fish,235.1369155171879
2026-03-03,12,කටුවල්ලා,Katuwalla,441.5848891463975
2026-03-03,13,හාල්මැස්සා,Anchovy,340.6479959032009
2026-03-03,14,ඉස්සා (M),"Prawns (M) 3""",1850.9631412890985
2026-03-03,15,කොප්පරා,Marlins,1575.1673535951381
2026-03-03,16,අලගොඩුවා,Frigate tuna,691.0057375160095
2026-03-03,17,ඇටවල්ලා,Atawalla,861.8116561099639
2026-03-03,18,ඇටිස්සා,Red Bream,1102.3373722822544
2026-03-03,19,බෝල්ලා,Big eye scade,681.4589042513043
2026-03-03,20,ගින්නටි පරව්,Ginnati Paraw,873.5866808843584
2026-03-03,21,හබරලි,Needle fish,802.3560786814896
2026-03-03,22,හැඩැල්ලා,Indian Anchovies,1690.5688716384325
2026-03-03,23,ජීලාවා,Barracuda,1021.406473419268
2026-03-03,24,ලින්නා,Indian Scad,582.2669692804087
2026-03-03,25,ලේන පරව්,Rainbow Runner,607.5464223318912
2026-03-03,26,සුද්දා,Threadfin  Bream,829.1393955060361
2026-03-03,27,සූඩයා,White Sardinella,253.85785113092703
2026-03-03,28,දැල්ලා,Squids /Cuttle fish,1579.852771125405
2026-03-03,29,කකුළුවා,Sea Crabs,1914.6415424711236
2026-03-03,30,තිලාපියා,Tilapia (M),484.96535729968446
2026-03-03,31,කකුළුවා(L),Sea Crabs(L),1906.218050418669
2026-03-03,32,තිලාපියා,Tilapia (M),484.96535729968446
2026-03-04,2,පරව් (ලොකු),Trevally (L),1058.668527548522
2026-03-04,3,ගල්මාළු (ලොකු),Rock fish (L),1086.9223956555406
2026-03-04,4,තලපත්,Sail fish,1458.5439573645126
2026-03-04,5,බලයා,Skipjack tuna,672.8075919576909
2026-03-04,6,කෙළවල්ලා,Yellowfin tuna,1048.8642141483663
2026-03-04,7,සාලයා (මට්ට),Sardinella,341.91785111296304
2026-03-04,8,මෝරා,Sharks,917.5601816562073
2026-03-04,9,හුරුල්ලා,Herrings,761.9209005355465
2026-03-04,10,කුම්බලා,Indian Mackerel,782.7785632571499
2026-03-04,11,කාරල්ලා,Pony fish,262.92264193098356
2026-03-04,12,කටුවල්ලා,Katuwalla,470.6417757809022
2026-03-04,13,හාල්මැස්සා,Anchovy,308.52169891578274
2026-03-04,14,ඉස්සා (M),"Prawns (M) 3""",1704.1943825948824
2026-03-04,15,කොප්පරා,Marlins,1586.8458807918673
2026-03-04,16,අලගොඩුවා,Frigate tuna,653.1875163510072
2026-03-04,17,ඇටවල්ලා,Atawalla,819.4620969494547
2026-03-04,18,ඇටිස්සා,Red Bream,1126.6348374840165
2026-03-04,19,බෝල්ලා,Big eye scade,708.2509895952783
2026-03-04,20,ගින්නටි පරව්,Ginnati Paraw,914.9856034064381
2026-03-04,21,හබරලි,Needle fish,829.1268006671357
2026-03-04,22,හැඩැල්ලා,Indian Anchovies,1742.2299003759
2026-03-04,23,ජීලාවා,Barracuda,1096.7971495179554
2026-03-04,24,ලින්නා,Indian Scad,561.4294555137594
2026-03-04,25,ලේන පරව්,Rainbow Runner,595.1664094165319
2026-03-04,26,සුද්දා,Threadfin  Bream,822.5868788446144
2026-03-04,27,සූඩයා,White Sardinella,261.5337820704356
2026-03-04,28,දැල්ලා,Squids /Cuttle fish,1558.243736110474
2026-03-04,29,කකුළුවා,Sea Crabs,1926.426178647528
2026-03-04,30,තිලාපියා,Tilapia (M),493.806900401711
2026-03-04,31,කකුළුවා(L),Sea Crabs(L),1935.7348139691585
2026-03-04,32,තිලාපියා,Tilapia (M),493.806900401711
