fish_id,left_image,right_image,binary_label,species_label,grade_label,sample_type,is_real_pair
flyingfish_001_A,D:\Hirusha\fish_data\train\flyingfish\grade _A\flyingfish_001_A_L.JPG,D:\Hirusha\fish_data\train\flyingfish\grade _A\flyingfish_001_A_R.JPG,fish,flyingfish,A,target_fish,1
flyingfish_004_A,D:\Hirusha\fish_data\train\flyingfish\grade _A\flyingfish_004_A_L.JPG,D:\Hirusha\fish_data\train\flyingfish\grade _A\flyingfish_004_A_R.JPG,fish,flyingfish,A,target_fish,1
flyingfish_005_A,D:\Hirusha\fish_data\train\flyingfish\grade _A\flyingfish_005_A_L.JPG,D:\Hirusha\fish_data\train\flyingfish\grade _A\flyingfish_005_A_R.JPG,fish,flyingfish,A,target_fish,1
flyingfish_006_A,D:\Hirusha\fish_data\train\flyingfish\grade _A\flyingfish_006_A_L.JPG,D:\Hirusha\fish_data\train\flyingfish\grade _A\flyingfish_006_A_R.JPG,fish,flyingfish,A,target_fish,1
flyingfish_007_A,D:\Hirusha\fish_data\train\flyingfish\grade _A\flyingfish_007_A_L.JPG,D:\Hirusha\fish_data\train\flyingfish\grade _A\flyingfish_007_A_R.JPG,fish,flyingfish,A,target_fish,1
flyingfish_009_A,D:\Hirusha\fish_data\train\flyingfish\grade _A\flyingfish_009_A_L.JPG,D:\Hirusha\fish_data\train\flyingfish\grade _A\flyingfish_009_A_R.JPG,fish,flyingfish,A,target_fish,1
flyingfish_010_A,D:\Hirusha\fish_data\train\flyingfish\grade _A\flyingfish_010_A_L.JPG,D:\Hirusha\fish_data\train\flyingfish\grade _A\flyingfish_010_A_R.JPG,fish,flyingfish,A,target_fish,1
flyingfish_012_A,D:\Hirusha\fish_data\train\flyingfish\grade _A\flyingfish_012_A_L.JPG,D:\Hirusha\fish_data\train\flyingfish\grade _A\flyingfish_012_A_R.JPG,fish,flyingfish,A,target_fish,1
flyingfish_013_A,D:\Hirusha\fish_data\train\flyingfish\grade _A\flyingfish_013_A_L.JPG,D:\Hirusha\fish_data\train\flyingfish\grade _A\flyingfish_013_A_R.JPG,fish,flyingfish,A,target_fish,1
flyingfish_014_A,D:\Hirusha\fish_data\train\flyingfish\grade _A\flyingfish_014_A_L.JPG,D:\Hirusha\fish_data\train\flyingfish\grade _A\flyingfish_014_A_R.JPG,fish,flyingfish,A,target_fish,1
flyingfish_016_A,D:\Hirusha\fish_data\train\flyingfish\grade _A\flyingfish_016_A_L.JPG,D:\Hirusha\fish_data\train\flyingfish\grade _A\flyingfish_016_A_R.JPG,fish,flyingfish,A,target_fish,1
flyingfish_017_A,D:\Hirusha\fish_data\train\flyingfish\grade _A\flyingfish_017_A_L.JPG,D:\Hirusha\fish_data\train\flyingfish\grade _A\flyingfish_017_A_R.JPG,fish,flyingfish,A,target_fish,1
flyingfish_018_A,D:\Hirusha\fish_data\train\flyingfish\grade _A\flyingfish_018_A_L.JPG,D:\Hirusha\fish_data\train\flyingfish\grade _A\flyingfish_018_A_R.JPG,fish,flyingfish,A,target_fish,1
flyingfish_020_A,D:\Hirusha\fish_data\train\flyingfish\grade _A\flyingfish_020_A_L.JPG,D:\Hirusha\fish_data\train\flyingfish\grade _A\flyingfish_020_A_R.JPG,fish,flyingfish,A,target_fish,1
flyingfish_025_A,D:\Hirusha\fish_data\train\flyingfish\grade _A\flyingfish_025_A_L.JPG,D:\Hirusha\fish_data\train\flyingfish\grade _A\flyingfish_025_A_R.JPG,fish,flyingfish,A,target_fish,1
flyingfish_026_A,D:\Hirusha\fish_data\train\flyingfish\grade _A\flyingfish_026_A_L.JPG,D:\Hirusha\fish_data\train\flyingfish\grade _A\flyingfish_026_A_R.JPG,fish,flyingfish,A,target_fish,1
flyingfish_027_A,D:\Hirusha\fish_data\train\flyingfish\grade _A\flyingfish_027_A_L.JPG,D:\Hirusha\fish_data\train\flyingfish\grade _A\flyingfish_027_A_R.JPG,fish,flyingfish,A,target_fish,1
flyingfish_028_A,D:\Hirusha\fish_data\train\flyingfish\grade _A\flyingfish_028_A_L.JPG,D:\Hirusha\fish_data\train\flyingfish\grade _A\flyingfish_028_A_R.JPG,fish,flyingfish,A,target_fish,1
flyingfish_030_A,D:\Hirusha\fish_data\train\flyingfish\grade _A\flyingfish_030_A_L.JPG,D:\Hirusha\fish_data\train\flyingfish\grade _A\flyingfish_030_A_R.JPG,fish,flyingfish,A,target_fish,1
flyingfish_031_A,D:\Hirusha\fish_data\train\flyingfish\grade _A\flyingfish_031_A_L.JPG,D:\Hirusha\fish_data\train\flyingfish\grade _A\flyingfish_031_A_R.JPG,fish,flyingfish,A,target_fish,1
flyingfish_032_A,D:\Hirusha\fish_data\train\flyingfish\grade _A\flyingfish_032_A_L.JPG,D:\Hirusha\fish_data\train\flyingfish\grade _A\flyingfish_032_A_R.JPG,fish,flyingfish,A,target_fish,1
flyingfish_033_A,D:\Hirusha\fish_data\train\flyingfish\grade _A\flyingfish_033_A_L.JPG,D:\Hirusha\fish_data\train\flyingfish\grade _A\flyingfish_033_A_R.JPG,fish,flyingfish,A,target_fish,1
flyingfish_034_A,D:\Hirusha\fish_data\train\flyingfish\grade _A\flyingfish_034_A_L.JPG,D:\Hirusha\fish_data\train\flyingfish\grade _A\flyingfish_034_A_R.JPG,fish,flyingfish,A,target_fish,1
flyingfish_035_A,D:\Hirusha\fish_data\train\flyingfish\grade _A\flyingfish_035_A_L.JPG,D:\Hirusha\fish_data\train\flyingfish\grade _A\flyingfish_035_A_R.JPG,fish,flyingfish,A,target_fish,1
flyingfish_037_A,D:\Hirusha\fish_data\train\flyingfish\grade _A\flyingfish_037_A_L.JPG,D:\Hirusha\fish_data\train\flyingfish\grade _A\flyingfish_037_A_R.JPG,fish,flyingfish,A,target_fish,1
flyingfish_038_A,D:\Hirusha\fish_data\train\flyingfish\grade _A\flyingfish_038_A_L.JPG,D:\Hirusha\fish_data\train\flyingfish\grade _A\flyingfish_038_A_R.JPG,fish,flyingfish,A,target_fish,1
flyingfish_041_A,D:\Hirusha\fish_data\train\flyingfish\grade _A\flyingfish_041_A_L.JPG,D:\Hirusha\fish_data\train\flyingfish\grade _A\flyingfish_041_A_R.JPG,fish,flyingfish,A,target_fish,1
flyingfish_042_A,D:\Hirusha\fish_data\train\flyingfish\grade _A\flyingfish_042_A_L.JPG,D:\Hirusha\fish_data\train\flyingfish\grade _A\flyingfish_042_A_R.JPG,fish,flyingfish,A,target_fish,1
flyingfish_044_A,D:\Hirusha\fish_data\train\flyingfish\grade _A\flyingfish_044_A_L.JPG,D:\Hirusha\fish_data\train\flyingfish\grade _A\flyingfish_044_A_R.JPG,fish,flyingfish,A,target_fish,1
flyingfish_045_A,D:\Hirusha\fish_data\train\flyingfish\grade _A\flyingfish_045_A_L.JPG,D:\Hirusha\fish_data\train\flyingfish\grade _A\flyingfish_045_A_R.JPG,fish,flyingfish,A,target_fish,1
flyingfish_046_A,D:\Hirusha\fish_data\train\flyingfish\grade _A\flyingfish_046_A_L.JPG,D:\Hirusha\fish_data\train\flyingfish\grade _A\flyingfish_046_A_R.JPG,fish,flyingfish,A,target_fish,1
flyingfish_047_A,D:\Hirusha\fish_data\train\flyingfish\grade _A\flyingfish_047_A_L.JPG,D:\Hirusha\fish_data\train\flyingfish\grade _A\flyingfish_047_A_R.JPG,fish,flyingfish,A,target_fish,1
flyingfish_048_A,D:\Hirusha\fish_data\train\flyingfish\grade _A\flyingfish_048_A_L.JPG,D:\Hirusha\fish_data\train\flyingfish\grade _A\flyingfish_048_A_R.JPG,fish,flyingfish,A,target_fish,1
flyingfish_049_A,D:\Hirusha\fish_data\train\flyingfish\grade _A\flyingfish_049_A_L.JPG,D:\Hirusha\fish_data\train\flyingfish\grade _A\flyingfish_049_A_R.JPG,fish,flyingfish,A,target_fish,1
flyingfish_050_A,D:\Hirusha\fish_data\train\flyingfish\grade _A\flyingfish_050_A_L.JPG,D:\Hirusha\fish_data\train\flyingfish\grade _A\flyingfish_050_A_R.JPG,fish,flyingfish,A,target_fish,1
flyingfish_051_A,D:\Hirusha\fish_data\train\flyingfish\grade _A\flyingfish_051_A_L.JPG,D:\Hirusha\fish_data\train\flyingfish\grade _A\flyingfish_051_A_R.JPG,fish,flyingfish,A,target_fish,1
flyingfish_053_A,D:\Hirusha\fish_data\train\flyingfish\grade _A\flyingfish_053_A_L.JPG,D:\Hirusha\fish_data\train\flyingfish\grade _A\flyingfish_053_A_R.JPG,fish,flyingfish,A,target_fish,1
flyingfish_055_A,D:\Hirusha\fish_data\train\flyingfish\grade _A\flyingfish_055_A_L.JPG,D:\Hirusha\fish_data\train\flyingfish\grade _A\flyingfish_055_A_R.JPG,fish,flyingfish,A,target_fish,1
flyingfish_056_A,D:\Hirusha\fish_data\train\flyingfish\grade _A\flyingfish_056_A_L.JPG,D:\Hirusha\fish_data\train\flyingfish\grade _A\flyingfish_056_A_R.JPG,fish,flyingfish,A,target_fish,1
flyingfish_057_A,D:\Hirusha\fish_data\train\flyingfish\grade _A\flyingfish_057_A_L.JPG,D:\Hirusha\fish_data\train\flyingfish\grade _A\flyingfish_057_A_R.JPG,fish,flyingfish,A,target_fish,1
flyingfish_058_A,D:\Hirusha\fish_data\train\flyingfish\grade _A\flyingfish_058_A_L.JPG,D:\Hirusha\fish_data\train\flyingfish\grade _A\flyingfish_058_A_R.JPG,fish,flyingfish,A,target_fish,1
flyingfish_059_A,D:\Hirusha\fish_data\train\flyingfish\grade _A\flyingfish_059_A_L.JPG,D:\Hirusha\fish_data\train\flyingfish\grade _A\flyingfish_059_A_R.JPG,fish,flyingfish,A,target_fish,1
flyingfish_060_A,D:\Hirusha\fish_data\train\flyingfish\grade _A\flyingfish_060_A_L.JPG,D:\Hirusha\fish_data\train\flyingfish\grade _A\flyingfish_060_A_R.JPG,fish,flyingfish,A,target_fish,1
flyingfish_061_A,D:\Hirusha\fish_data\train\flyingfish\grade _A\flyingfish_061_A_L.JPG,D:\Hirusha\fish_data\train\flyingfish\grade _A\flyingfish_061_A_R.JPG,fish,flyingfish,A,target_fish,1
flyingfish_062_A,D:\Hirusha\fish_data\train\flyingfish\grade _A\flyingfish_062_A_L.JPG,D:\Hirusha\fish_data\train\flyingfish\grade _A\flyingfish_062_A_R.JPG,fish,flyingfish,A,target_fish,1
graymullet_001_A,D:\Hirusha\fish_data\train\graymullet\grade_A\graymullet_001_A_L.JPG,D:\Hirusha\fish_data\train\graymullet\grade_A\graymullet_001_A_R.JPG,fish,graymullet,A,target_fish,1
graymullet_005_A,D:\Hirusha\fish_data\train\graymullet\grade_A\graymullet_005_A_L.JPG,D:\Hirusha\fish_data\train\graymullet\grade_A\graymullet_005_A_R.JPG,fish,graymullet,A,target_fish,1
graymullet_007_A,D:\Hirusha\fish_data\train\graymullet\grade_A\graymullet_007_A_L.JPG,D:\Hirusha\fish_data\train\graymullet\grade_A\graymullet_007_A_R.JPG,fish,graymullet,A,target_fish,1
graymullet_009_A,D:\Hirusha\fish_data\train\graymullet\grade_A\graymullet_009_A_L.JPG,D:\Hirusha\fish_data\train\graymullet\grade_A\graymullet_009_A_R.JPG,fish,graymullet,A,target_fish,1
graymullet_010_A,D:\Hirusha\fish_data\train\graymullet\grade_A\graymullet_010_A_L.JPG,D:\Hirusha\fish_data\train\graymullet\grade_A\graymullet_010_A_R.JPG,fish,graymullet,A,target_fish,1
graymullet_011_A,D:\Hirusha\fish_data\train\graymullet\grade_A\graymullet_011_A_L.JPG,D:\Hirusha\fish_data\train\graymullet\grade_A\graymullet_011_A_R.JPG,fish,graymullet,A,target_fish,1
graymullet_012_A,D:\Hirusha\fish_data\train\graymullet\grade_A\graymullet_012_A_L.JPG,D:\Hirusha\fish_data\train\graymullet\grade_A\graymullet_012_A_R.JPG,fish,graymullet,A,target_fish,1
graymullet_013_A,D:\Hirusha\fish_data\train\graymullet\grade_A\graymullet_013_A_L.JPG,D:\Hirusha\fish_data\train\graymullet\grade_A\graymullet_013_A_R.JPG,fish,graymullet,A,target_fish,1
graymullet_016_A,D:\Hirusha\fish_data\train\graymullet\grade_A\graymullet_016_A_L.JPG,D:\Hirusha\fish_data\train\graymullet\grade_A\graymullet_016_A_R.JPG,fish,graymullet,A,target_fish,1
graymullet_019_A,D:\Hirusha\fish_data\train\graymullet\grade_A\graymullet_019_A_L.JPG,D:\Hirusha\fish_data\train\graymullet\grade_A\graymullet_019_A_R.JPG,fish,graymullet,A,target_fish,1
graymullet_020_A,D:\Hirusha\fish_data\train\graymullet\grade_A\graymullet_020_A_L.JPG,D:\Hirusha\fish_data\train\graymullet\grade_A\graymullet_020_A_R.JPG,fish,graymullet,A,target_fish,1
graymullet_021_A,D:\Hirusha\fish_data\train\graymullet\grade_A\graymullet_021_A_L.JPG,D:\Hirusha\fish_data\train\graymullet\grade_A\graymullet_021_A_R.JPG,fish,graymullet,A,target_fish,1
graymullet_022_A,D:\Hirusha\fish_data\train\graymullet\grade_A\graymullet_022_A_L.JPG,D:\Hirusha\fish_data\train\graymullet\grade_A\graymullet_022_A_R.JPG,fish,graymullet,A,target_fish,1
graymullet_023_A,D:\Hirusha\fish_data\train\graymullet\grade_A\graymullet_023_A_L.JPG,D:\Hirusha\fish_data\train\graymullet\grade_A\graymullet_023_A_R.JPG,fish,graymullet,A,target_fish,1
graymullet_024_A,D:\Hirusha\fish_data\train\graymullet\grade_A\graymullet_024_A_L.JPG,D:\Hirusha\fish_data\train\graymullet\grade_A\graymullet_024_A_R.JPG,fish,graymullet,A,target_fish,1
graymullet_025_A,D:\Hirusha\fish_data\train\graymullet\grade_A\graymullet_025_A_L.JPG,D:\Hirusha\fish_data\train\graymullet\grade_A\graymullet_025_A_R.JPG,fish,graymullet,A,target_fish,1
graymullet_026_A,D:\Hirusha\fish_data\train\graymullet\grade_A\graymullet_026_A_L.JPG,D:\Hirusha\fish_data\train\graymullet\grade_A\graymullet_026_A_R.JPG,fish,graymullet,A,target_fish,1
graymullet_027_A,D:\Hirusha\fish_data\train\graymullet\grade_A\graymullet_027_A_L.JPG,D:\Hirusha\fish_data\train\graymullet\grade_A\graymullet_027_A_R.JPG,fish,graymullet,A,target_fish,1
graymullet_029_A,D:\Hirusha\fish_data\train\graymullet\grade_A\graymullet_029_A_L.JPG,D:\Hirusha\fish_data\train\graymullet\grade_A\graymullet_029_A_R.JPG,fish,graymullet,A,target_fish,1
graymullet_030_A,D:\Hirusha\fish_data\train\graymullet\grade_A\graymullet_030_A_L.JPG,D:\Hirusha\fish_data\train\graymullet\grade_A\graymullet_030_A_R.JPG,fish,graymullet,A,target_fish,1
graymullet_031_A,D:\Hirusha\fish_data\train\graymullet\grade_A\graymullet_031_A_L.JPG,D:\Hirusha\fish_data\train\graymullet\grade_A\graymullet_031_A_R.JPG,fish,graymullet,A,target_fish,1
graymullet_032_A,D:\Hirusha\fish_data\train\graymullet\grade_A\graymullet_032_A_L.JPG,D:\Hirusha\fish_data\train\graymullet\grade_A\graymullet_032_A_R.JPG,fish,graymullet,A,target_fish,1
makerel_001_B,D:\Hirusha\fish_data\train\makerel\grade_B\makerel_001_B_L.JPG,D:\Hirusha\fish_data\train\makerel\grade_B\makerel_001_B_R.JPG,fish,makerel,B,target_fish,1
makerel_002_B,D:\Hirusha\fish_data\train\makerel\grade_B\makerel_002_B_L.JPG,D:\Hirusha\fish_data\train\makerel\grade_B\makerel_002_B_R.JPG,fish,makerel,B,target_fish,1
makerel_004_B,D:\Hirusha\fish_data\train\makerel\grade_B\makerel_004_B_L.JPG,D:\Hirusha\fish_data\train\makerel\grade_B\makerel_004_B_R.JPG,fish,makerel,B,target_fish,1
makerel_006_B,D:\Hirusha\fish_data\train\makerel\grade_B\makerel_006_B_L.JPG,D:\Hirusha\fish_data\train\makerel\grade_B\makerel_006_B_R.JPG,fish,makerel,B,target_fish,1
makerel_009_B,D:\Hirusha\fish_data\train\makerel\grade_B\makerel_009_B_L.JPG,D:\Hirusha\fish_data\train\makerel\grade_B\makerel_009_B_R.JPG,fish,makerel,B,target_fish,1
makerel_010_B,D:\Hirusha\fish_data\train\makerel\grade_B\makerel_010_B_L.JPG,D:\Hirusha\fish_data\train\makerel\grade_B\makerel_010_B_R.JPG,fish,makerel,B,target_fish,1
makerel_011_B,D:\Hirusha\fish_data\train\makerel\grade_B\makerel_011_B_L.JPG,D:\Hirusha\fish_data\train\makerel\grade_B\makerel_011_B_R.JPG,fish,makerel,B,target_fish,1
makerel_012_B,D:\Hirusha\fish_data\train\makerel\grade_B\makerel_012_B_L.JPG,D:\Hirusha\fish_data\train\makerel\grade_B\makerel_012_B_R.JPG,fish,makerel,B,target_fish,1
makerel_013_B,D:\Hirusha\fish_data\train\makerel\grade_B\makerel_013_B_L.JPG,D:\Hirusha\fish_data\train\makerel\grade_B\makerel_013_B_R.JPG,fish,makerel,B,target_fish,1
makerel_014_B,D:\Hirusha\fish_data\train\makerel\grade_B\makerel_014_B_L.JPG,D:\Hirusha\fish_data\train\makerel\grade_B\makerel_014_B_R.JPG,fish,makerel,B,target_fish,1
makerel_016_B,D:\Hirusha\fish_data\train\makerel\grade_B\makerel_016_B_L.JPG,D:\Hirusha\fish_data\train\makerel\grade_B\makerel_016_B_R.JPG,fish,makerel,B,target_fish,1
makerel_019_B,D:\Hirusha\fish_data\train\makerel\grade_B\makerel_019_B_L.JPG,D:\Hirusha\fish_data\train\makerel\grade_B\makerel_019_B_R.JPG,fish,makerel,B,target_fish,1
makerel_020_B,D:\Hirusha\fish_data\train\makerel\grade_B\makerel_020_B_L.JPG,D:\Hirusha\fish_data\train\makerel\grade_B\makerel_020_B_R.JPG,fish,makerel,B,target_fish,1
makerel_022_B,D:\Hirusha\fish_data\train\makerel\grade_B\makerel_022_B_L.JPG,D:\Hirusha\fish_data\train\makerel\grade_B\makerel_022_B_R.JPG,fish,makerel,B,target_fish,1
makerel_024_B,D:\Hirusha\fish_data\train\makerel\grade_B\makerel_024_B_L.JPG,D:\Hirusha\fish_data\train\makerel\grade_B\makerel_024_B_R.JPG,fish,makerel,B,target_fish,1
makerel_025_B,D:\Hirusha\fish_data\train\makerel\grade_B\makerel_025_B_L.JPG,D:\Hirusha\fish_data\train\makerel\grade_B\makerel_025_B_R.JPG,fish,makerel,B,target_fish,1
makerel_026_B,D:\Hirusha\fish_data\train\makerel\grade_B\makerel_026_B_L.JPG,D:\Hirusha\fish_data\train\makerel\grade_B\makerel_026_B_R.JPG,fish,makerel,B,target_fish,1
makerel_027_B,D:\Hirusha\fish_data\train\makerel\grade_B\makerel_027_B_L.JPG,D:\Hirusha\fish_data\train\makerel\grade_B\makerel_027_B_R.JPG,fish,makerel,B,target_fish,1
makerel_028_B,D:\Hirusha\fish_data\train\makerel\grade_B\makerel_028_B_L.JPG,D:\Hirusha\fish_data\train\makerel\grade_B\makerel_028_B_R.JPG,fish,makerel,B,target_fish,1
makerel_029_B,D:\Hirusha\fish_data\train\makerel\grade_B\makerel_029_B_L.JPG,D:\Hirusha\fish_data\train\makerel\grade_B\makerel_029_B_R.JPG,fish,makerel,B,target_fish,1
makerel_030_B,D:\Hirusha\fish_data\train\makerel\grade_B\makerel_030_B_L.JPG,D:\Hirusha\fish_data\train\makerel\grade_B\makerel_030_B_R.JPG,fish,makerel,B,target_fish,1
makerel_031_B,D:\Hirusha\fish_data\train\makerel\grade_B\makerel_031_B_L.JPG,D:\Hirusha\fish_data\train\makerel\grade_B\makerel_031_B_R.JPG,fish,makerel,B,target_fish,1
makerel_034_B,D:\Hirusha\fish_data\train\makerel\grade_B\makerel_034_B_L.jpg,D:\Hirusha\fish_data\train\makerel\grade_B\makerel_034_B_R.jpg,fish,makerel,B,target_fish,1
makerel_035_B,D:\Hirusha\fish_data\train\makerel\grade_B\makerel_035_B_L.jpg,D:\Hirusha\fish_data\train\makerel\grade_B\makerel_035_B_R.jpg,fish,makerel,B,target_fish,1
makerel_036_B,D:\Hirusha\fish_data\train\makerel\grade_B\makerel_036_B_L.jpg,D:\Hirusha\fish_data\train\makerel\grade_B\makerel_036_B_R.jpg,fish,makerel,B,target_fish,1
makerel_037_B,D:\Hirusha\fish_data\train\makerel\grade_B\makerel_037_B_L.jpg,D:\Hirusha\fish_data\train\makerel\grade_B\makerel_037_B_R.jpg,fish,makerel,B,target_fish,1
makerel_038_B,D:\Hirusha\fish_data\train\makerel\grade_B\makerel_038_B_L.jpg,D:\Hirusha\fish_data\train\makerel\grade_B\makerel_038_B_R.jpg,fish,makerel,B,target_fish,1
makerel_039_B,D:\Hirusha\fish_data\train\makerel\grade_B\makerel_039_B_L.jpg,D:\Hirusha\fish_data\train\makerel\grade_B\makerel_039_B_R.jpg,fish,makerel,B,target_fish,1
makerel_040_B,D:\Hirusha\fish_data\train\makerel\grade_B\makerel_040_B_L.jpg,D:\Hirusha\fish_data\train\makerel\grade_B\makerel_040_B_R.jpg,fish,makerel,B,target_fish,1
makerel_042_B,D:\Hirusha\fish_data\train\makerel\grade_B\makerel_042_B_L.jpg,D:\Hirusha\fish_data\train\makerel\grade_B\makerel_042_B_R.jpg,fish,makerel,B,target_fish,1
makerel_043_B,D:\Hirusha\fish_data\train\makerel\grade_B\makerel_043_B_L.jpg,D:\Hirusha\fish_data\train\makerel\grade_B\makerel_043_B_R.jpg,fish,makerel,B,target_fish,1
makerel_044_B,D:\Hirusha\fish_data\train\makerel\grade_B\makerel_044_B_L.jpg,D:\Hirusha\fish_data\train\makerel\grade_B\makerel_044_B_R.jpg,fish,makerel,B,target_fish,1
makerel_045_B,D:\Hirusha\fish_data\train\makerel\grade_B\makerel_045_B_L.jpg,D:\Hirusha\fish_data\train\makerel\grade_B\makerel_045_B_R.jpg,fish,makerel,B,target_fish,1
makerel_046_B,D:\Hirusha\fish_data\train\makerel\grade_B\makerel_046_B_L.jpg,D:\Hirusha\fish_data\train\makerel\grade_B\makerel_046_B_R.jpg,fish,makerel,B,target_fish,1
makerel_047_B,D:\Hirusha\fish_data\train\makerel\grade_B\makerel_047_B_L.jpg,D:\Hirusha\fish_data\train\makerel\grade_B\makerel_047_B_R.jpg,fish,makerel,B,target_fish,1
makerel_048_B,D:\Hirusha\fish_data\train\makerel\grade_B\makerel_048_B_L.jpg,D:\Hirusha\fish_data\train\makerel\grade_B\makerel_048_B_R.jpg,fish,makerel,B,target_fish,1
makerel_049_B,D:\Hirusha\fish_data\train\makerel\grade_B\makerel_049_B_L.jpg,D:\Hirusha\fish_data\train\makerel\grade_B\makerel_049_B_R.jpg,fish,makerel,B,target_fish,1
makerel_052_B,D:\Hirusha\fish_data\train\makerel\grade_B\makerel_052_B_L.jpg,D:\Hirusha\fish_data\train\makerel\grade_B\makerel_052_B_R.jpg,fish,makerel,B,target_fish,1
makerel_053_B,D:\Hirusha\fish_data\train\makerel\grade_B\makerel_053_B_L.jpg,D:\Hirusha\fish_data\train\makerel\grade_B\makerel_053_B_R.jpg,fish,makerel,B,target_fish,1
makerel_054_B,D:\Hirusha\fish_data\train\makerel\grade_B\makerel_054_B_L.JPG,D:\Hirusha\fish_data\train\makerel\grade_B\makerel_054_B_R.JPG,fish,makerel,B,target_fish,1
makerel_055_B,D:\Hirusha\fish_data\train\makerel\grade_B\makerel_055_B_L.JPG,D:\Hirusha\fish_data\train\makerel\grade_B\makerel_055_B_R.JPG,fish,makerel,B,target_fish,1
makerel_056_B,D:\Hirusha\fish_data\train\makerel\grade_B\makerel_056_B_L.JPG,D:\Hirusha\fish_data\train\makerel\grade_B\makerel_056_B_R.JPG,fish,makerel,B,target_fish,1
makerel_058_B,D:\Hirusha\fish_data\train\makerel\grade_B\makerel_058_B_L.JPG,D:\Hirusha\fish_data\train\makerel\grade_B\makerel_058_B_R.JPG,fish,makerel,B,target_fish,1
makerel_059_B,D:\Hirusha\fish_data\train\makerel\grade_B\makerel_059_B_L.JPG,D:\Hirusha\fish_data\train\makerel\grade_B\makerel_059_B_R.JPG,fish,makerel,B,target_fish,1
makerel_060_B,D:\Hirusha\fish_data\train\makerel\grade_B\makerel_060_B_L.JPG,D:\Hirusha\fish_data\train\makerel\grade_B\makerel_060_B_R.JPG,fish,makerel,B,target_fish,1
makerel_062_B,D:\Hirusha\fish_data\train\makerel\grade_B\makerel_062_B_L.JPG,D:\Hirusha\fish_data\train\makerel\grade_B\makerel_062_B_R.JPG,fish,makerel,B,target_fish,1
makerel_063_B,D:\Hirusha\fish_data\train\makerel\grade_B\makerel_063_B_L.JPG,D:\Hirusha\fish_data\train\makerel\grade_B\makerel_063_B_R.JPG,fish,makerel,B,target_fish,1
makerel_064_B,D:\Hirusha\fish_data\train\makerel\grade_B\makerel_064_B_L.JPG,D:\Hirusha\fish_data\train\makerel\grade_B\makerel_064_B_R.JPG,fish,makerel,B,target_fish,1
makerel_067_B,D:\Hirusha\fish_data\train\makerel\grade_B\makerel_067_B_L.JPG,D:\Hirusha\fish_data\train\makerel\grade_B\makerel_067_B_R.JPG,fish,makerel,B,target_fish,1
makerel_071_B,D:\Hirusha\fish_data\train\makerel\grade_B\makerel_071_B_L.JPG,D:\Hirusha\fish_data\train\makerel\grade_B\makerel_071_B_R.JPG,fish,makerel,B,target_fish,1
makerel_073_B,D:\Hirusha\fish_data\train\makerel\grade_B\makerel_073_B_L.JPG,D:\Hirusha\fish_data\train\makerel\grade_B\makerel_073_B_R.JPG,fish,makerel,B,target_fish,1
makerel_074_B,D:\Hirusha\fish_data\train\makerel\grade_B\makerel_074_B_L.JPG,D:\Hirusha\fish_data\train\makerel\grade_B\makerel_074_B_R.JPG,fish,makerel,B,target_fish,1
makerel_075_B,D:\Hirusha\fish_data\train\makerel\grade_B\makerel_075_B_L.JPG,D:\Hirusha\fish_data\train\makerel\grade_B\makerel_075_B_R.JPG,fish,makerel,B,target_fish,1
makerel_076_B,D:\Hirusha\fish_data\train\makerel\grade_B\makerel_076_B_L.JPG,D:\Hirusha\fish_data\train\makerel\grade_B\makerel_076_B_R.JPG,fish,makerel,B,target_fish,1
makerel_077_B,D:\Hirusha\fish_data\train\makerel\grade_B\makerel_077_B_L.JPG,D:\Hirusha\fish_data\train\makerel\grade_B\makerel_077_B_R.JPG,fish,makerel,B,target_fish,1
makerel_078_B,D:\Hirusha\fish_data\train\makerel\grade_B\makerel_078_B_L.JPG,D:\Hirusha\fish_data\train\makerel\grade_B\makerel_078_B_R.JPG,fish,makerel,B,target_fish,1
makerel_080_B,D:\Hirusha\fish_data\train\makerel\grade_B\makerel_080_B_L.JPG,D:\Hirusha\fish_data\train\makerel\grade_B\makerel_080_B_R.JPG,fish,makerel,B,target_fish,1
makerel_081_B,D:\Hirusha\fish_data\train\makerel\grade_B\makerel_081_B_L.JPG,D:\Hirusha\fish_data\train\makerel\grade_B\makerel_081_B_R.JPG,fish,makerel,B,target_fish,1
makerel_084_B,D:\Hirusha\fish_data\train\makerel\grade_B\makerel_084_B_L.JPG,D:\Hirusha\fish_data\train\makerel\grade_B\makerel_084_B_R.JPG,fish,makerel,B,target_fish,1
makerel_085_B,D:\Hirusha\fish_data\train\makerel\grade_B\makerel_085_B_L.JPG,D:\Hirusha\fish_data\train\makerel\grade_B\makerel_085_B_R.JPG,fish,makerel,B,target_fish,1
makerel_087_B,D:\Hirusha\fish_data\train\makerel\grade_B\makerel_087_B_L.JPG,D:\Hirusha\fish_data\train\makerel\grade_B\makerel_087_B_R.JPG,fish,makerel,B,target_fish,1
makerel_088_B,D:\Hirusha\fish_data\train\makerel\grade_B\makerel_088_B_L.JPG,D:\Hirusha\fish_data\train\makerel\grade_B\makerel_088_B_R.JPG,fish,makerel,B,target_fish,1
makerel_089_B,D:\Hirusha\fish_data\train\makerel\grade_B\makerel_089_B_L.JPG,D:\Hirusha\fish_data\train\makerel\grade_B\makerel_089_B_R.JPG,fish,makerel,B,target_fish,1
makerel_091_B,D:\Hirusha\fish_data\train\makerel\grade_B\makerel_091_B_L.JPG,D:\Hirusha\fish_data\train\makerel\grade_B\makerel_091_B_R.JPG,fish,makerel,B,target_fish,1
makerel_092_B,D:\Hirusha\fish_data\train\makerel\grade_B\makerel_092_B_L.JPG,D:\Hirusha\fish_data\train\makerel\grade_B\makerel_092_B_R.JPG,fish,makerel,B,target_fish,1
makerel_093_B,D:\Hirusha\fish_data\train\makerel\grade_B\makerel_093_B_L.JPG,D:\Hirusha\fish_data\train\makerel\grade_B\makerel_093_B_R.JPG,fish,makerel,B,target_fish,1
makerel_095_B,D:\Hirusha\fish_data\train\makerel\grade_B\makerel_095_B_L.JPG,D:\Hirusha\fish_data\train\makerel\grade_B\makerel_095_B_R.JPG,fish,makerel,B,target_fish,1
makerel_096_B,D:\Hirusha\fish_data\train\makerel\grade_B\makerel_096_B_L.JPG,D:\Hirusha\fish_data\train\makerel\grade_B\makerel_096_B_R.JPG,fish,makerel,B,target_fish,1
makerel_097_B,D:\Hirusha\fish_data\train\makerel\grade_B\makerel_097_B_L.JPG,D:\Hirusha\fish_data\train\makerel\grade_B\makerel_097_B_R.JPG,fish,makerel,B,target_fish,1
makerel_098_B,D:\Hirusha\fish_data\train\makerel\grade_B\makerel_098_B_L.JPG,D:\Hirusha\fish_data\train\makerel\grade_B\makerel_098_B_R.JPG,fish,makerel,B,target_fish,1
makerel_099_B,D:\Hirusha\fish_data\train\makerel\grade_B\makerel_099_B_L.JPG,D:\Hirusha\fish_data\train\makerel\grade_B\makerel_099_B_R.JPG,fish,makerel,B,target_fish,1
makerel_100_B,D:\Hirusha\fish_data\train\makerel\grade_B\makerel_100_B_L.JPG,D:\Hirusha\fish_data\train\makerel\grade_B\makerel_100_B_R.JPG,fish,makerel,B,target_fish,1
makerel_102_B,D:\Hirusha\fish_data\train\makerel\grade_B\makerel_102_B_L.JPG,D:\Hirusha\fish_data\train\makerel\grade_B\makerel_102_B_R.JPG,fish,makerel,B,target_fish,1
makerel_103_B,D:\Hirusha\fish_data\train\makerel\grade_B\makerel_103_B_L.JPG,D:\Hirusha\fish_data\train\makerel\grade_B\makerel_103_B_R.JPG,fish,makerel,B,target_fish,1
makerel_105_B,D:\Hirusha\fish_data\train\makerel\grade_B\makerel_105_B_L.JPG,D:\Hirusha\fish_data\train\makerel\grade_B\makerel_105_B_R.JPG,fish,makerel,B,target_fish,1
makerel_106_B,D:\Hirusha\fish_data\train\makerel\grade_B\makerel_106_B_L.JPG,D:\Hirusha\fish_data\train\makerel\grade_B\makerel_106_B_R.JPG,fish,makerel,B,target_fish,1
makerel_107_B,D:\Hirusha\fish_data\train\makerel\grade_B\makerel_107_B_L.JPG,D:\Hirusha\fish_data\train\makerel\grade_B\makerel_107_B_R.JPG,fish,makerel,B,target_fish,1
makerel_108_B,D:\Hirusha\fish_data\train\makerel\grade_B\makerel_108_B_L.JPG,D:\Hirusha\fish_data\train\makerel\grade_B\makerel_108_B_R.JPG,fish,makerel,B,target_fish,1
makerel_109_B,D:\Hirusha\fish_data\train\makerel\grade_B\makerel_109_B_L.JPG,D:\Hirusha\fish_data\train\makerel\grade_B\makerel_109_B_R.JPG,fish,makerel,B,target_fish,1
makerel_110_B,D:\Hirusha\fish_data\train\makerel\grade_B\makerel_110_B_L.JPG,D:\Hirusha\fish_data\train\makerel\grade_B\makerel_110_B_R.JPG,fish,makerel,B,target_fish,1
makerel_111_B,D:\Hirusha\fish_data\train\makerel\grade_B\makerel_111_B_L.JPG,D:\Hirusha\fish_data\train\makerel\grade_B\makerel_111_B_R.JPG,fish,makerel,B,target_fish,1
makerel_112_B,D:\Hirusha\fish_data\train\makerel\grade_B\makerel_112_B_L.JPG,D:\Hirusha\fish_data\train\makerel\grade_B\makerel_112_B_R.JPG,fish,makerel,B,target_fish,1
makerel_115_B,D:\Hirusha\fish_data\train\makerel\grade_B\makerel_115_B_L.JPG,D:\Hirusha\fish_data\train\makerel\grade_B\makerel_115_B_R.JPG,fish,makerel,B,target_fish,1
makerel_118_B,D:\Hirusha\fish_data\train\makerel\grade_B\makerel_118_B_L.JPG,D:\Hirusha\fish_data\train\makerel\grade_B\makerel_118_B_R.JPG,fish,makerel,B,target_fish,1
makerel_120_B,D:\Hirusha\fish_data\train\makerel\grade_B\makerel_120_B_L.JPG,D:\Hirusha\fish_data\train\makerel\grade_B\makerel_120_B_R.JPG,fish,makerel,B,target_fish,1
makerel_123_B,D:\Hirusha\fish_data\train\makerel\grade_B\makerel_123_B_L.JPG,D:\Hirusha\fish_data\train\makerel\grade_B\makerel_123_B_R.JPG,fish,makerel,B,target_fish,1
makerel_124_B,D:\Hirusha\fish_data\train\makerel\grade_B\makerel_124_B_L.JPG,D:\Hirusha\fish_data\train\makerel\grade_B\makerel_124_B_R.JPG,fish,makerel,B,target_fish,1
makerel_125_B,D:\Hirusha\fish_data\train\makerel\grade_B\makerel_125_B_L.JPG,D:\Hirusha\fish_data\train\makerel\grade_B\makerel_125_B_R.JPG,fish,makerel,B,target_fish,1
makerel_126_B,D:\Hirusha\fish_data\train\makerel\grade_B\makerel_126_B_L.JPG,D:\Hirusha\fish_data\train\makerel\grade_B\makerel_126_B_R.JPG,fish,makerel,B,target_fish,1
makerel_127_B,D:\Hirusha\fish_data\train\makerel\grade_B\makerel_127_B_L.JPG,D:\Hirusha\fish_data\train\makerel\grade_B\makerel_127_B_R.JPG,fish,makerel,B,target_fish,1
makerel_132_B,D:\Hirusha\fish_data\train\makerel\grade_B\makerel_132_B_L.JPG,D:\Hirusha\fish_data\train\makerel\grade_B\makerel_132_B_R.JPG,fish,makerel,B,target_fish,1
makerel_133_B,D:\Hirusha\fish_data\train\makerel\grade_B\makerel_133_B_L.JPG,D:\Hirusha\fish_data\train\makerel\grade_B\makerel_133_B_R.JPG,fish,makerel,B,target_fish,1
makerel_134_B,D:\Hirusha\fish_data\train\makerel\grade_B\makerel_134_B_L.JPG,D:\Hirusha\fish_data\train\makerel\grade_B\makerel_134_B_R.JPG,fish,makerel,B,target_fish,1
makerel_135_B,D:\Hirusha\fish_data\train\makerel\grade_B\makerel_135_B_L.JPG,D:\Hirusha\fish_data\train\makerel\grade_B\makerel_135_B_R.JPG,fish,makerel,B,target_fish,1
makerel_138_B,D:\Hirusha\fish_data\train\makerel\grade_B\makerel_138_B_L.JPG,D:\Hirusha\fish_data\train\makerel\grade_B\makerel_138_B_R.JPG,fish,makerel,B,target_fish,1
makerel_139_B,D:\Hirusha\fish_data\train\makerel\grade_B\makerel_139_B_L.JPG,D:\Hirusha\fish_data\train\makerel\grade_B\makerel_139_B_R.JPG,fish,makerel,B,target_fish,1
makerel_140_B,D:\Hirusha\fish_data\train\makerel\grade_B\makerel_140_B_L.JPG,D:\Hirusha\fish_data\train\makerel\grade_B\makerel_140_B_R.JPG,fish,makerel,B,target_fish,1
makerel_141_B,D:\Hirusha\fish_data\train\makerel\grade_B\makerel_141_B_L.JPG,D:\Hirusha\fish_data\train\makerel\grade_B\makerel_141_B_R.JPG,fish,makerel,B,target_fish,1
makerel_143_B,D:\Hirusha\fish_data\train\makerel\grade_B\makerel_143_B_L.JPG,D:\Hirusha\fish_data\train\makerel\grade_B\makerel_143_B_R.JPG,fish,makerel,B,target_fish,1
makerel_144_B,D:\Hirusha\fish_data\train\makerel\grade_B\makerel_144_B_L.JPG,D:\Hirusha\fish_data\train\makerel\grade_B\makerel_144_B_R.JPG,fish,makerel,B,target_fish,1
makerel_146_B,D:\Hirusha\fish_data\train\makerel\grade_B\makerel_146_B_L.JPG,D:\Hirusha\fish_data\train\makerel\grade_B\makerel_146_B_R.JPG,fish,makerel,B,target_fish,1
makerel_148_B,D:\Hirusha\fish_data\train\makerel\grade_B\makerel_148_B_L.JPG,D:\Hirusha\fish_data\train\makerel\grade_B\makerel_148_B_R.JPG,fish,makerel,B,target_fish,1
makerel_149_B,D:\Hirusha\fish_data\train\makerel\grade_B\makerel_149_B_L.JPG,D:\Hirusha\fish_data\train\makerel\grade_B\makerel_149_B_R.JPG,fish,makerel,B,target_fish,1
makerel_150_B,D:\Hirusha\fish_data\train\makerel\grade_B\makerel_150_B_L.JPG,D:\Hirusha\fish_data\train\makerel\grade_B\makerel_150_B_R.JPG,fish,makerel,B,target_fish,1
makerel_152_B,D:\Hirusha\fish_data\train\makerel\grade_B\makerel_152_B_L.JPG,D:\Hirusha\fish_data\train\makerel\grade_B\makerel_152_B_R.JPG,fish,makerel,B,target_fish,1
makerel_153_B,D:\Hirusha\fish_data\train\makerel\grade_B\makerel_153_B_L.JPG,D:\Hirusha\fish_data\train\makerel\grade_B\makerel_153_B_R.JPG,fish,makerel,B,target_fish,1
makerel_155_B,D:\Hirusha\fish_data\train\makerel\grade_B\makerel_155_B_L.JPG,D:\Hirusha\fish_data\train\makerel\grade_B\makerel_155_B_R.JPG,fish,makerel,B,target_fish,1
makerel_157_B,D:\Hirusha\fish_data\train\makerel\grade_B\makerel_157_B_L.JPG,D:\Hirusha\fish_data\train\makerel\grade_B\makerel_157_B_R.JPG,fish,makerel,B,target_fish,1
makerel_158_B,D:\Hirusha\fish_data\train\makerel\grade_B\makerel_158_B_L.JPG,D:\Hirusha\fish_data\train\makerel\grade_B\makerel_158_B_R.JPG,fish,makerel,B,target_fish,1
makerel_159_B,D:\Hirusha\fish_data\train\makerel\grade_B\makerel_159_B_L.JPG,D:\Hirusha\fish_data\train\makerel\grade_B\makerel_159_B_R.JPG,fish,makerel,B,target_fish,1
makerel_160_B,D:\Hirusha\fish_data\train\makerel\grade_B\makerel_160_B_L.JPG,D:\Hirusha\fish_data\train\makerel\grade_B\makerel_160_B_R.JPG,fish,makerel,B,target_fish,1
makerel_163_B,D:\Hirusha\fish_data\train\makerel\grade_B\makerel_163_B_L.JPG,D:\Hirusha\fish_data\train\makerel\grade_B\makerel_163_B_R.JPG,fish,makerel,B,target_fish,1
makerel_166_B,D:\Hirusha\fish_data\train\makerel\grade_B\makerel_166_B_L.JPG,D:\Hirusha\fish_data\train\makerel\grade_B\makerel_166_B_R.JPG,fish,makerel,B,target_fish,1
makerel_167_B,D:\Hirusha\fish_data\train\makerel\grade_B\makerel_167_B_L.JPG,D:\Hirusha\fish_data\train\makerel\grade_B\makerel_167_B_R.JPG,fish,makerel,B,target_fish,1
makerel_169_B,D:\Hirusha\fish_data\train\makerel\grade_B\makerel_169_B_L.JPG,D:\Hirusha\fish_data\train\makerel\grade_B\makerel_169_B_R.JPG,fish,makerel,B,target_fish,1
makerel_174_B,D:\Hirusha\fish_data\train\makerel\grade_B\makerel_174_B_L.JPG,D:\Hirusha\fish_data\train\makerel\grade_B\makerel_174_B_R.JPG,fish,makerel,B,target_fish,1
makerel_175_B,D:\Hirusha\fish_data\train\makerel\grade_B\makerel_175_B_L.JPG,D:\Hirusha\fish_data\train\makerel\grade_B\makerel_175_B_R.JPG,fish,makerel,B,target_fish,1
makerel_176_B,D:\Hirusha\fish_data\train\makerel\grade_B\makerel_176_B_L.JPG,D:\Hirusha\fish_data\train\makerel\grade_B\makerel_176_B_R.JPG,fish,makerel,B,target_fish,1
makerel_177_B,D:\Hirusha\fish_data\train\makerel\grade_B\makerel_177_B_L.JPG,D:\Hirusha\fish_data\train\makerel\grade_B\makerel_177_B_R.JPG,fish,makerel,B,target_fish,1
makerel_178_B,D:\Hirusha\fish_data\train\makerel\grade_B\makerel_178_B_L.JPG,D:\Hirusha\fish_data\train\makerel\grade_B\makerel_178_B_R.JPG,fish,makerel,B,target_fish,1
makerel_002_C,D:\Hirusha\fish_data\train\makerel\grade_C\makerel_002_C_L.JPG,D:\Hirusha\fish_data\train\makerel\grade_C\makerel_002_C_R.JPG,fish,makerel,C,target_fish,1
makerel_003_C,D:\Hirusha\fish_data\train\makerel\grade_C\makerel_003_C_L.JPG,D:\Hirusha\fish_data\train\makerel\grade_C\makerel_003_C_R.JPG,fish,makerel,C,target_fish,1
makerel_004_C,D:\Hirusha\fish_data\train\makerel\grade_C\makerel_004_C_L.JPG,D:\Hirusha\fish_data\train\makerel\grade_C\makerel_004_C_R.JPG,fish,makerel,C,target_fish,1
makerel_005_C,D:\Hirusha\fish_data\train\makerel\grade_C\makerel_005_C_L.JPG,D:\Hirusha\fish_data\train\makerel\grade_C\makerel_005_C_R.JPG,fish,makerel,C,target_fish,1
makerel_006_C,D:\Hirusha\fish_data\train\makerel\grade_C\makerel_006_C_L.JPG,D:\Hirusha\fish_data\train\makerel\grade_C\makerel_006_C_R.JPG,fish,makerel,C,target_fish,1
makerel_007_C,D:\Hirusha\fish_data\train\makerel\grade_C\makerel_007_C_L.JPG,D:\Hirusha\fish_data\train\makerel\grade_C\makerel_007_C_R.JPG,fish,makerel,C,target_fish,1
makerel_008_C,D:\Hirusha\fish_data\train\makerel\grade_C\makerel_008_C_L.JPG,D:\Hirusha\fish_data\train\makerel\grade_C\makerel_008_C_R.JPG,fish,makerel,C,target_fish,1
makerel_009_C,D:\Hirusha\fish_data\train\makerel\grade_C\makerel_009_C_L.JPG,D:\Hirusha\fish_data\train\makerel\grade_C\makerel_009_C_R.JPG,fish,makerel,C,target_fish,1
makerel_010_C,D:\Hirusha\fish_data\train\makerel\grade_C\makerel_010_C_L.JPG,D:\Hirusha\fish_data\train\makerel\grade_C\makerel_010_C_R.JPG,fish,makerel,C,target_fish,1
makerel_011_C,D:\Hirusha\fish_data\train\makerel\grade_C\makerel_011_C_L.JPG,D:\Hirusha\fish_data\train\makerel\grade_C\makerel_011_C_R.JPG,fish,makerel,C,target_fish,1
makerel_012_C,D:\Hirusha\fish_data\train\makerel\grade_C\makerel_012_C_L.JPG,D:\Hirusha\fish_data\train\makerel\grade_C\makerel_012_C_R.JPG,fish,makerel,C,target_fish,1
makerel_013_C,D:\Hirusha\fish_data\train\makerel\grade_C\makerel_013_C_L.JPG,D:\Hirusha\fish_data\train\makerel\grade_C\makerel_013_C_R.JPG,fish,makerel,C,target_fish,1
makerel_015_C,D:\Hirusha\fish_data\train\makerel\grade_C\makerel_015_C_L.JPG,D:\Hirusha\fish_data\train\makerel\grade_C\makerel_015_C_R.JPG,fish,makerel,C,target_fish,1
makerel_016_C,D:\Hirusha\fish_data\train\makerel\grade_C\makerel_016_C_L.JPG,D:\Hirusha\fish_data\train\makerel\grade_C\makerel_016_C_R.JPG,fish,makerel,C,target_fish,1
makerel_017_C,D:\Hirusha\fish_data\train\makerel\grade_C\makerel_017_C_L.JPG,D:\Hirusha\fish_data\train\makerel\grade_C\makerel_017_C_R.JPG,fish,makerel,C,target_fish,1
makerel_019_C,D:\Hirusha\fish_data\train\makerel\grade_C\makerel_019_C_L.JPG,D:\Hirusha\fish_data\train\makerel\grade_C\makerel_019_C_R.JPG,fish,makerel,C,target_fish,1
makerel_020_C,D:\Hirusha\fish_data\train\makerel\grade_C\makerel_020_C_L.JPG,D:\Hirusha\fish_data\train\makerel\grade_C\makerel_020_C_R.JPG,fish,makerel,C,target_fish,1
makerel_023_C,D:\Hirusha\fish_data\train\makerel\grade_C\makerel_023_C_L.JPG,D:\Hirusha\fish_data\train\makerel\grade_C\makerel_023_C_R.JPG,fish,makerel,C,target_fish,1
makerel_025_C,D:\Hirusha\fish_data\train\makerel\grade_C\makerel_025_C_L.JPG,D:\Hirusha\fish_data\train\makerel\grade_C\makerel_025_C_R.JPG,fish,makerel,C,target_fish,1
makerel_028_C,D:\Hirusha\fish_data\train\makerel\grade_C\makerel_028_C_L.JPG,D:\Hirusha\fish_data\train\makerel\grade_C\makerel_028_C_R.JPG,fish,makerel,C,target_fish,1
makerel_029_C,D:\Hirusha\fish_data\train\makerel\grade_C\makerel_029_C_L.JPG,D:\Hirusha\fish_data\train\makerel\grade_C\makerel_029_C_R.JPG,fish,makerel,C,target_fish,1
makerel_030_C,D:\Hirusha\fish_data\train\makerel\grade_C\makerel_030_C_L.JPG,D:\Hirusha\fish_data\train\makerel\grade_C\makerel_030_C_R.JPG,fish,makerel,C,target_fish,1
makerel_032_C,D:\Hirusha\fish_data\train\makerel\grade_C\makerel_032_C_L.JPG,D:\Hirusha\fish_data\train\makerel\grade_C\makerel_032_C_R.JPG,fish,makerel,C,target_fish,1
makerel_034_C,D:\Hirusha\fish_data\train\makerel\grade_C\makerel_034_C_L.JPG,D:\Hirusha\fish_data\train\makerel\grade_C\makerel_034_C_R.JPG,fish,makerel,C,target_fish,1
makerel_035_C,D:\Hirusha\fish_data\train\makerel\grade_C\makerel_035_C_L.JPG,D:\Hirusha\fish_data\train\makerel\grade_C\makerel_035_C_R.JPG,fish,makerel,C,target_fish,1
makerel_036_C,D:\Hirusha\fish_data\train\makerel\grade_C\makerel_036_C_L.JPG,D:\Hirusha\fish_data\train\makerel\grade_C\makerel_036_C_R.JPG,fish,makerel,C,target_fish,1
makerel_037_C,D:\Hirusha\fish_data\train\makerel\grade_C\makerel_037_C_L.JPG,D:\Hirusha\fish_data\train\makerel\grade_C\makerel_037_C_R.JPG,fish,makerel,C,target_fish,1
makerel_038_C,D:\Hirusha\fish_data\train\makerel\grade_C\makerel_038_C_L.JPG,D:\Hirusha\fish_data\train\makerel\grade_C\makerel_038_C_R.JPG,fish,makerel,C,target_fish,1
makerel_039_C,D:\Hirusha\fish_data\train\makerel\grade_C\makerel_039_C_L.JPG,D:\Hirusha\fish_data\train\makerel\grade_C\makerel_039_C_R.JPG,fish,makerel,C,target_fish,1
makerel_040_C,D:\Hirusha\fish_data\train\makerel\grade_C\makerel_040_C_L.JPG,D:\Hirusha\fish_data\train\makerel\grade_C\makerel_040_C_R.JPG,fish,makerel,C,target_fish,1
makerel_041_C,D:\Hirusha\fish_data\train\makerel\grade_C\makerel_041_C_L.JPG,D:\Hirusha\fish_data\train\makerel\grade_C\makerel_041_C_R.JPG,fish,makerel,C,target_fish,1
makerel_042_C,D:\Hirusha\fish_data\train\makerel\grade_C\makerel_042_C_L.JPG,D:\Hirusha\fish_data\train\makerel\grade_C\makerel_042_C_R.JPG,fish,makerel,C,target_fish,1
makerel_044_C,D:\Hirusha\fish_data\train\makerel\grade_C\makerel_044_C_L.JPG,D:\Hirusha\fish_data\train\makerel\grade_C\makerel_044_C_R.JPG,fish,makerel,C,target_fish,1
makerel_045_C,D:\Hirusha\fish_data\train\makerel\grade_C\makerel_045_C_L.JPG,D:\Hirusha\fish_data\train\makerel\grade_C\makerel_045_C_R.JPG,fish,makerel,C,target_fish,1
makerel_046_C,D:\Hirusha\fish_data\train\makerel\grade_C\makerel_046_C_L.JPG,D:\Hirusha\fish_data\train\makerel\grade_C\makerel_046_C_R.JPG,fish,makerel,C,target_fish,1
makerel_047_C,D:\Hirusha\fish_data\train\makerel\grade_C\makerel_047_C_L.JPG,D:\Hirusha\fish_data\train\makerel\grade_C\makerel_047_C_R.JPG,fish,makerel,C,target_fish,1
makerel_049_C,D:\Hirusha\fish_data\train\makerel\grade_C\makerel_049_C_L.JPG,D:\Hirusha\fish_data\train\makerel\grade_C\makerel_049_C_R.JPG,fish,makerel,C,target_fish,1
makerel_050_C,D:\Hirusha\fish_data\train\makerel\grade_C\makerel_050_C_L.JPG,D:\Hirusha\fish_data\train\makerel\grade_C\makerel_050_C_R.JPG,fish,makerel,C,target_fish,1
makerel_051_C,D:\Hirusha\fish_data\train\makerel\grade_C\makerel_051_C_L.JPG,D:\Hirusha\fish_data\train\makerel\grade_C\makerel_051_C_R.JPG,fish,makerel,C,target_fish,1
makerel_052_C,D:\Hirusha\fish_data\train\makerel\grade_C\makerel_052_C_L.JPG,D:\Hirusha\fish_data\train\makerel\grade_C\makerel_052_C_R.JPG,fish,makerel,C,target_fish,1
makerel_053_C,D:\Hirusha\fish_data\train\makerel\grade_C\makerel_053_C_L.JPG,D:\Hirusha\fish_data\train\makerel\grade_C\makerel_053_C_R.JPG,fish,makerel,C,target_fish,1
makerel_055_C,D:\Hirusha\fish_data\train\makerel\grade_C\makerel_055_C_L.JPG,D:\Hirusha\fish_data\train\makerel\grade_C\makerel_055_C_R.JPG,fish,makerel,C,target_fish,1
makerel_056_C,D:\Hirusha\fish_data\train\makerel\grade_C\makerel_056_C_L.JPG,D:\Hirusha\fish_data\train\makerel\grade_C\makerel_056_C_R.JPG,fish,makerel,C,target_fish,1
makerel_057_C,D:\Hirusha\fish_data\train\makerel\grade_C\makerel_057_C_L.JPG,D:\Hirusha\fish_data\train\makerel\grade_C\makerel_057_C_R.JPG,fish,makerel,C,target_fish,1
makerel_059_C,D:\Hirusha\fish_data\train\makerel\grade_C\makerel_059_C_L.JPG,D:\Hirusha\fish_data\train\makerel\grade_C\makerel_059_C_R.JPG,fish,makerel,C,target_fish,1
makerel_060_C,D:\Hirusha\fish_data\train\makerel\grade_C\makerel_060_C_L.JPG,D:\Hirusha\fish_data\train\makerel\grade_C\makerel_060_C_R.JPG,fish,makerel,C,target_fish,1
makerel_061_C,D:\Hirusha\fish_data\train\makerel\grade_C\makerel_061_C_L.JPG,D:\Hirusha\fish_data\train\makerel\grade_C\makerel_061_C_R.JPG,fish,makerel,C,target_fish,1
makerel_062_C,D:\Hirusha\fish_data\train\makerel\grade_C\makerel_062_C_L.JPG,D:\Hirusha\fish_data\train\makerel\grade_C\makerel_062_C_R.JPG,fish,makerel,C,target_fish,1
makerel_066_C,D:\Hirusha\fish_data\train\makerel\grade_C\makerel_066_C_L.JPG,D:\Hirusha\fish_data\train\makerel\grade_C\makerel_066_C_R.JPG,fish,makerel,C,target_fish,1
makerel_069_C,D:\Hirusha\fish_data\train\makerel\grade_C\makerel_069_C_L.JPG,D:\Hirusha\fish_data\train\makerel\grade_C\makerel_069_C_R.JPG,fish,makerel,C,target_fish,1
makerel_070_C,D:\Hirusha\fish_data\train\makerel\grade_C\makerel_070_C_L.JPG,D:\Hirusha\fish_data\train\makerel\grade_C\makerel_070_C_R.JPG,fish,makerel,C,target_fish,1
makerel_071_C,D:\Hirusha\fish_data\train\makerel\grade_C\makerel_071_C_L.JPG,D:\Hirusha\fish_data\train\makerel\grade_C\makerel_071_C_R.JPG,fish,makerel,C,target_fish,1
makerel_072_C,D:\Hirusha\fish_data\train\makerel\grade_C\makerel_072_C_L.JPG,D:\Hirusha\fish_data\train\makerel\grade_C\makerel_072_C_R.JPG,fish,makerel,C,target_fish,1
makerel_073_C,D:\Hirusha\fish_data\train\makerel\grade_C\makerel_073_C_L.JPG,D:\Hirusha\fish_data\train\makerel\grade_C\makerel_073_C_R.JPG,fish,makerel,C,target_fish,1
makerel_074_C,D:\Hirusha\fish_data\train\makerel\grade_C\makerel_074_C_L.JPG,D:\Hirusha\fish_data\train\makerel\grade_C\makerel_074_C_R.JPG,fish,makerel,C,target_fish,1
makerel_075_C,D:\Hirusha\fish_data\train\makerel\grade_C\makerel_075_C_L.JPG,D:\Hirusha\fish_data\train\makerel\grade_C\makerel_075_C_R.JPG,fish,makerel,C,target_fish,1
makerel_077_C,D:\Hirusha\fish_data\train\makerel\grade_C\makerel_077_C_L.JPG,D:\Hirusha\fish_data\train\makerel\grade_C\makerel_077_C_R.JPG,fish,makerel,C,target_fish,1
makerel_078_C,D:\Hirusha\fish_data\train\makerel\grade_C\makerel_078_C_L.JPG,D:\Hirusha\fish_data\train\makerel\grade_C\makerel_078_C_R.JPG,fish,makerel,C,target_fish,1
makerel_079_C,D:\Hirusha\fish_data\train\makerel\grade_C\makerel_079_C_L.JPG,D:\Hirusha\fish_data\train\makerel\grade_C\makerel_079_C_R.JPG,fish,makerel,C,target_fish,1
makerel_081_C,D:\Hirusha\fish_data\train\makerel\grade_C\makerel_081_C_L.JPG,D:\Hirusha\fish_data\train\makerel\grade_C\makerel_081_C_R.JPG,fish,makerel,C,target_fish,1
makerel_082_C,D:\Hirusha\fish_data\train\makerel\grade_C\makerel_082_C_L.JPG,D:\Hirusha\fish_data\train\makerel\grade_C\makerel_082_C_R.JPG,fish,makerel,C,target_fish,1
makerel_083_C,D:\Hirusha\fish_data\train\makerel\grade_C\makerel_083_C_L.JPG,D:\Hirusha\fish_data\train\makerel\grade_C\makerel_083_C_R.JPG,fish,makerel,C,target_fish,1
makerel_084_C,D:\Hirusha\fish_data\train\makerel\grade_C\makerel_084_C_L.JPG,D:\Hirusha\fish_data\train\makerel\grade_C\makerel_084_C_R.JPG,fish,makerel,C,target_fish,1
makerel_087_C,D:\Hirusha\fish_data\train\makerel\grade_C\makerel_087_C_L.JPG,D:\Hirusha\fish_data\train\makerel\grade_C\makerel_087_C_R.JPG,fish,makerel,C,target_fish,1
makerel_088_C,D:\Hirusha\fish_data\train\makerel\grade_C\makerel_088_C_L.JPG,D:\Hirusha\fish_data\train\makerel\grade_C\makerel_088_C_R.JPG,fish,makerel,C,target_fish,1
makerel_089_C,D:\Hirusha\fish_data\train\makerel\grade_C\makerel_089_C_L.JPG,D:\Hirusha\fish_data\train\makerel\grade_C\makerel_089_C_R.JPG,fish,makerel,C,target_fish,1
makerel_091_C,D:\Hirusha\fish_data\train\makerel\grade_C\makerel_091_C_L.JPG,D:\Hirusha\fish_data\train\makerel\grade_C\makerel_091_C_R.JPG,fish,makerel,C,target_fish,1
makerel_092_C,D:\Hirusha\fish_data\train\makerel\grade_C\makerel_092_C_L.JPG,D:\Hirusha\fish_data\train\makerel\grade_C\makerel_092_C_R.JPG,fish,makerel,C,target_fish,1
makerel_093_C,D:\Hirusha\fish_data\train\makerel\grade_C\makerel_093_C_L.JPG,D:\Hirusha\fish_data\train\makerel\grade_C\makerel_093_C_R.JPG,fish,makerel,C,target_fish,1
makerel_096_C,D:\Hirusha\fish_data\train\makerel\grade_C\makerel_096_C_L.JPG,D:\Hirusha\fish_data\train\makerel\grade_C\makerel_096_C_R.JPG,fish,makerel,C,target_fish,1
makerel_097_C,D:\Hirusha\fish_data\train\makerel\grade_C\makerel_097_C_L.JPG,D:\Hirusha\fish_data\train\makerel\grade_C\makerel_097_C_R.JPG,fish,makerel,C,target_fish,1
makerel_098_C,D:\Hirusha\fish_data\train\makerel\grade_C\makerel_098_C_L.JPG,D:\Hirusha\fish_data\train\makerel\grade_C\makerel_098_C_R.JPG,fish,makerel,C,target_fish,1
makerel_100_C,D:\Hirusha\fish_data\train\makerel\grade_C\makerel_100_C_L.JPG,D:\Hirusha\fish_data\train\makerel\grade_C\makerel_100_C_R.JPG,fish,makerel,C,target_fish,1
makerel_101_C,D:\Hirusha\fish_data\train\makerel\grade_C\makerel_101_C_L.JPG,D:\Hirusha\fish_data\train\makerel\grade_C\makerel_101_C_R.JPG,fish,makerel,C,target_fish,1
makerel_102_C,D:\Hirusha\fish_data\train\makerel\grade_C\makerel_102_C_L.JPG,D:\Hirusha\fish_data\train\makerel\grade_C\makerel_102_C_R.JPG,fish,makerel,C,target_fish,1
makerel_103_C,D:\Hirusha\fish_data\train\makerel\grade_C\makerel_103_C_L.JPG,D:\Hirusha\fish_data\train\makerel\grade_C\makerel_103_C_R.JPG,fish,makerel,C,target_fish,1
makerel_104_C,D:\Hirusha\fish_data\train\makerel\grade_C\makerel_104_C_L.JPG,D:\Hirusha\fish_data\train\makerel\grade_C\makerel_104_C_R.JPG,fish,makerel,C,target_fish,1
makerel_105_C,D:\Hirusha\fish_data\train\makerel\grade_C\makerel_105_C_L.JPG,D:\Hirusha\fish_data\train\makerel\grade_C\makerel_105_C_R.JPG,fish,makerel,C,target_fish,1
makerel_106_C,D:\Hirusha\fish_data\train\makerel\grade_C\makerel_106_C_L.JPG,D:\Hirusha\fish_data\train\makerel\grade_C\makerel_106_C_R.JPG,fish,makerel,C,target_fish,1
makerel_113_C,D:\Hirusha\fish_data\train\makerel\grade_C\makerel_113_C_L.JPG,D:\Hirusha\fish_data\train\makerel\grade_C\makerel_113_C_R.JPG,fish,makerel,C,target_fish,1
makerel_114_C,D:\Hirusha\fish_data\train\makerel\grade_C\makerel_114_C_L.JPG,D:\Hirusha\fish_data\train\makerel\grade_C\makerel_114_C_R.JPG,fish,makerel,C,target_fish,1
makerel_115_C,D:\Hirusha\fish_data\train\makerel\grade_C\makerel_115_C_L.JPG,D:\Hirusha\fish_data\train\makerel\grade_C\makerel_115_C_R.JPG,fish,makerel,C,target_fish,1
makerel_116_C,D:\Hirusha\fish_data\train\makerel\grade_C\makerel_116_C_L.JPG,D:\Hirusha\fish_data\train\makerel\grade_C\makerel_116_C_R.JPG,fish,makerel,C,target_fish,1
makerel_118_C,D:\Hirusha\fish_data\train\makerel\grade_C\makerel_118_C_L.JPG,D:\Hirusha\fish_data\train\makerel\grade_C\makerel_118_C_R.JPG,fish,makerel,C,target_fish,1
makerel_119_C,D:\Hirusha\fish_data\train\makerel\grade_C\makerel_119_C_L.JPG,D:\Hirusha\fish_data\train\makerel\grade_C\makerel_119_C_R.JPG,fish,makerel,C,target_fish,1
makerel_120_C,D:\Hirusha\fish_data\train\makerel\grade_C\makerel_120_C_L.JPG,D:\Hirusha\fish_data\train\makerel\grade_C\makerel_120_C_R.JPG,fish,makerel,C,target_fish,1
makerel_121_C,D:\Hirusha\fish_data\train\makerel\grade_C\makerel_121_C_L.JPG,D:\Hirusha\fish_data\train\makerel\grade_C\makerel_121_C_R.JPG,fish,makerel,C,target_fish,1
makerel_122_C,D:\Hirusha\fish_data\train\makerel\grade_C\makerel_122_C_L.JPG,D:\Hirusha\fish_data\train\makerel\grade_C\makerel_122_C_R.JPG,fish,makerel,C,target_fish,1
makerel_123_C,D:\Hirusha\fish_data\train\makerel\grade_C\makerel_123_C_L.JPG,D:\Hirusha\fish_data\train\makerel\grade_C\makerel_123_C_R.JPG,fish,makerel,C,target_fish,1
makerel_124_C,D:\Hirusha\fish_data\train\makerel\grade_C\makerel_124_C_L.JPG,D:\Hirusha\fish_data\train\makerel\grade_C\makerel_124_C_R.JPG,fish,makerel,C,target_fish,1
makerel_125_C,D:\Hirusha\fish_data\train\makerel\grade_C\makerel_125_C_L.JPG,D:\Hirusha\fish_data\train\makerel\grade_C\makerel_125_C_R.JPG,fish,makerel,C,target_fish,1
makerel_127_C,D:\Hirusha\fish_data\train\makerel\grade_C\makerel_127_C_L.JPG,D:\Hirusha\fish_data\train\makerel\grade_C\makerel_127_C_R.JPG,fish,makerel,C,target_fish,1
makerel_128_C,D:\Hirusha\fish_data\train\makerel\grade_C\makerel_128_C_L.JPG,D:\Hirusha\fish_data\train\makerel\grade_C\makerel_128_C_R.JPG,fish,makerel,C,target_fish,1
makerel_129_C,D:\Hirusha\fish_data\train\makerel\grade_C\makerel_129_C_L.JPG,D:\Hirusha\fish_data\train\makerel\grade_C\makerel_129_C_R.JPG,fish,makerel,C,target_fish,1
makerel_130_C,D:\Hirusha\fish_data\train\makerel\grade_C\makerel_130_C_L.JPG,D:\Hirusha\fish_data\train\makerel\grade_C\makerel_130_C_R.JPG,fish,makerel,C,target_fish,1
makerel_131_C,D:\Hirusha\fish_data\train\makerel\grade_C\makerel_131_C_L.JPG,D:\Hirusha\fish_data\train\makerel\grade_C\makerel_131_C_R.JPG,fish,makerel,C,target_fish,1
makerel_132_C,D:\Hirusha\fish_data\train\makerel\grade_C\makerel_132_C_L.JPG,D:\Hirusha\fish_data\train\makerel\grade_C\makerel_132_C_R.JPG,fish,makerel,C,target_fish,1
makerel_135_C,D:\Hirusha\fish_data\train\makerel\grade_C\makerel_135_C_L.JPG,D:\Hirusha\fish_data\train\makerel\grade_C\makerel_135_C_R.JPG,fish,makerel,C,target_fish,1
makerel_136_C,D:\Hirusha\fish_data\train\makerel\grade_C\makerel_136_C_L.JPG,D:\Hirusha\fish_data\train\makerel\grade_C\makerel_136_C_R.JPG,fish,makerel,C,target_fish,1
makerel_137_C,D:\Hirusha\fish_data\train\makerel\grade_C\makerel_137_C_L.JPG,D:\Hirusha\fish_data\train\makerel\grade_C\makerel_137_C_R.JPG,fish,makerel,C,target_fish,1
makerel_139_C,D:\Hirusha\fish_data\train\makerel\grade_C\makerel_139_C_L.JPG,D:\Hirusha\fish_data\train\makerel\grade_C\makerel_139_C_R.JPG,fish,makerel,C,target_fish,1
makerel_140_C,D:\Hirusha\fish_data\train\makerel\grade_C\makerel_140_C_L.JPG,D:\Hirusha\fish_data\train\makerel\grade_C\makerel_140_C_R.JPG,fish,makerel,C,target_fish,1
makerel_141_C,D:\Hirusha\fish_data\train\makerel\grade_C\makerel_141_C_L.JPG,D:\Hirusha\fish_data\train\makerel\grade_C\makerel_141_C_R.JPG,fish,makerel,C,target_fish,1
makerel_144_C,D:\Hirusha\fish_data\train\makerel\grade_C\makerel_144_C_L.JPG,D:\Hirusha\fish_data\train\makerel\grade_C\makerel_144_C_R.JPG,fish,makerel,C,target_fish,1
makerel_145_C,D:\Hirusha\fish_data\train\makerel\grade_C\makerel_145_C_L.JPG,D:\Hirusha\fish_data\train\makerel\grade_C\makerel_145_C_R.JPG,fish,makerel,C,target_fish,1
makerel_146_C,D:\Hirusha\fish_data\train\makerel\grade_C\makerel_146_C_L.JPG,D:\Hirusha\fish_data\train\makerel\grade_C\makerel_146_C_R.JPG,fish,makerel,C,target_fish,1
makerel_147_C,D:\Hirusha\fish_data\train\makerel\grade_C\makerel_147_C_L.JPG,D:\Hirusha\fish_data\train\makerel\grade_C\makerel_147_C_R.JPG,fish,makerel,C,target_fish,1
makerel_148_C,D:\Hirusha\fish_data\train\makerel\grade_C\makerel_148_C_L.JPG,D:\Hirusha\fish_data\train\makerel\grade_C\makerel_148_C_R.JPG,fish,makerel,C,target_fish,1
makerel_149_C,D:\Hirusha\fish_data\train\makerel\grade_C\makerel_149_C_L.JPG,D:\Hirusha\fish_data\train\makerel\grade_C\makerel_149_C_R.JPG,fish,makerel,C,target_fish,1
makerel_150_C,D:\Hirusha\fish_data\train\makerel\grade_C\makerel_150_C_L.JPG,D:\Hirusha\fish_data\train\makerel\grade_C\makerel_150_C_R.JPG,fish,makerel,C,target_fish,1
makerel_151_C,D:\Hirusha\fish_data\train\makerel\grade_C\makerel_151_C_L.JPG,D:\Hirusha\fish_data\train\makerel\grade_C\makerel_151_C_R.JPG,fish,makerel,C,target_fish,1
makerel_152_C,D:\Hirusha\fish_data\train\makerel\grade_C\makerel_152_C_L.JPG,D:\Hirusha\fish_data\train\makerel\grade_C\makerel_152_C_R.JPG,fish,makerel,C,target_fish,1
makerel_153_C,D:\Hirusha\fish_data\train\makerel\grade_C\makerel_153_C_L.JPG,D:\Hirusha\fish_data\train\makerel\grade_C\makerel_153_C_R.JPG,fish,makerel,C,target_fish,1
makerel_154_C,D:\Hirusha\fish_data\train\makerel\grade_C\makerel_154_C_L.JPG,D:\Hirusha\fish_data\train\makerel\grade_C\makerel_154_C_R.JPG,fish,makerel,C,target_fish,1
makerel_156_C,D:\Hirusha\fish_data\train\makerel\grade_C\makerel_156_C_L.JPG,D:\Hirusha\fish_data\train\makerel\grade_C\makerel_156_C_R.JPG,fish,makerel,C,target_fish,1
makerel_157_C,D:\Hirusha\fish_data\train\makerel\grade_C\makerel_157_C_L.JPG,D:\Hirusha\fish_data\train\makerel\grade_C\makerel_157_C_R.JPG,fish,makerel,C,target_fish,1
makerel_158_C,D:\Hirusha\fish_data\train\makerel\grade_C\makerel_158_C_L.JPG,D:\Hirusha\fish_data\train\makerel\grade_C\makerel_158_C_R.JPG,fish,makerel,C,target_fish,1
makerel_161_C,D:\Hirusha\fish_data\train\makerel\grade_C\makerel_161_C_L.JPG,D:\Hirusha\fish_data\train\makerel\grade_C\makerel_161_C_R.JPG,fish,makerel,C,target_fish,1
makerel_162_C,D:\Hirusha\fish_data\train\makerel\grade_C\makerel_162_C_L.JPG,D:\Hirusha\fish_data\train\makerel\grade_C\makerel_162_C_R.JPG,fish,makerel,C,target_fish,1
makerel_163_C,D:\Hirusha\fish_data\train\makerel\grade_C\makerel_163_C_L.JPG,D:\Hirusha\fish_data\train\makerel\grade_C\makerel_163_C_R.JPG,fish,makerel,C,target_fish,1
makerel_165_C,D:\Hirusha\fish_data\train\makerel\grade_C\makerel_165_C_L.JPG,D:\Hirusha\fish_data\train\makerel\grade_C\makerel_165_C_R.JPG,fish,makerel,C,target_fish,1
makerel_166_C,D:\Hirusha\fish_data\train\makerel\grade_C\makerel_166_C_L.JPG,D:\Hirusha\fish_data\train\makerel\grade_C\makerel_166_C_R.JPG,fish,makerel,C,target_fish,1
makerel_167_C,D:\Hirusha\fish_data\train\makerel\grade_C\makerel_167_C_L.JPG,D:\Hirusha\fish_data\train\makerel\grade_C\makerel_167_C_R.JPG,fish,makerel,C,target_fish,1
makerel_168_C,D:\Hirusha\fish_data\train\makerel\grade_C\makerel_168_C_L.JPG,D:\Hirusha\fish_data\train\makerel\grade_C\makerel_168_C_R.JPG,fish,makerel,C,target_fish,1
makerel_169_C,D:\Hirusha\fish_data\train\makerel\grade_C\makerel_169_C_L.JPG,D:\Hirusha\fish_data\train\makerel\grade_C\makerel_169_C_R.JPG,fish,makerel,C,target_fish,1
makerel_170_C,D:\Hirusha\fish_data\train\makerel\grade_C\makerel_170_C_L.JPG,D:\Hirusha\fish_data\train\makerel\grade_C\makerel_170_C_R.JPG,fish,makerel,C,target_fish,1
makerel_171_C,D:\Hirusha\fish_data\train\makerel\grade_C\makerel_171_C_L.JPG,D:\Hirusha\fish_data\train\makerel\grade_C\makerel_171_C_R.JPG,fish,makerel,C,target_fish,1
makerel_174_C,D:\Hirusha\fish_data\train\makerel\grade_C\makerel_174_C_L.JPG,D:\Hirusha\fish_data\train\makerel\grade_C\makerel_174_C_R.JPG,fish,makerel,C,target_fish,1
makerel_179_C,D:\Hirusha\fish_data\train\makerel\grade_C\makerel_179_C_L.JPG,D:\Hirusha\fish_data\train\makerel\grade_C\makerel_179_C_R.JPG,fish,makerel,C,target_fish,1
makerel_181_C,D:\Hirusha\fish_data\train\makerel\grade_C\makerel_181_C_L.JPG,D:\Hirusha\fish_data\train\makerel\grade_C\makerel_181_C_R.JPG,fish,makerel,C,target_fish,1
makerel_182_C,D:\Hirusha\fish_data\train\makerel\grade_C\makerel_182_C_L.JPG,D:\Hirusha\fish_data\train\makerel\grade_C\makerel_182_C_R.JPG,fish,makerel,C,target_fish,1
makerel_183_C,D:\Hirusha\fish_data\train\makerel\grade_C\makerel_183_C_L.JPG,D:\Hirusha\fish_data\train\makerel\grade_C\makerel_183_C_R.JPG,fish,makerel,C,target_fish,1
makerel_184_C,D:\Hirusha\fish_data\train\makerel\grade_C\makerel_184_C_L.JPG,D:\Hirusha\fish_data\train\makerel\grade_C\makerel_184_C_R.JPG,fish,makerel,C,target_fish,1
makerel_185_C,D:\Hirusha\fish_data\train\makerel\grade_C\makerel_185_C_L.JPG,D:\Hirusha\fish_data\train\makerel\grade_C\makerel_185_C_R.JPG,fish,makerel,C,target_fish,1
makerel_186_C,D:\Hirusha\fish_data\train\makerel\grade_C\makerel_186_C_L.JPG,D:\Hirusha\fish_data\train\makerel\grade_C\makerel_186_C_R.JPG,fish,makerel,C,target_fish,1
makerel_187_C,D:\Hirusha\fish_data\train\makerel\grade_C\makerel_187_C_L.JPG,D:\Hirusha\fish_data\train\makerel\grade_C\makerel_187_C_R.JPG,fish,makerel,C,target_fish,1
makerel_190_C,D:\Hirusha\fish_data\train\makerel\grade_C\makerel_190_C_L.JPG,D:\Hirusha\fish_data\train\makerel\grade_C\makerel_190_C_R.JPG,fish,makerel,C,target_fish,1
makerel_192_C,D:\Hirusha\fish_data\train\makerel\grade_C\makerel_192_C_L.JPG,D:\Hirusha\fish_data\train\makerel\grade_C\makerel_192_C_R.JPG,fish,makerel,C,target_fish,1
makerel_194_C,D:\Hirusha\fish_data\train\makerel\grade_C\makerel_194_C_L.JPG,D:\Hirusha\fish_data\train\makerel\grade_C\makerel_194_C_R.JPG,fish,makerel,C,target_fish,1
tuna_003_A,D:\Hirusha\fish_data\train\tuna\grade_A\tuna_003_A_L.JPG,D:\Hirusha\fish_data\train\tuna\grade_A\tuna_003_A_R.JPG,fish,tuna,A,target_fish,1
tuna_005_A,D:\Hirusha\fish_data\train\tuna\grade_A\tuna_005_A_L.JPG,D:\Hirusha\fish_data\train\tuna\grade_A\tuna_005_A_R.JPG,fish,tuna,A,target_fish,1
tuna_007_A,D:\Hirusha\fish_data\train\tuna\grade_A\tuna_007_A_L.JPG,D:\Hirusha\fish_data\train\tuna\grade_A\tuna_007_A_R.JPG,fish,tuna,A,target_fish,1
tuna_008_A,D:\Hirusha\fish_data\train\tuna\grade_A\tuna_008_A_L.JPG,D:\Hirusha\fish_data\train\tuna\grade_A\tuna_008_A_R.JPG,fish,tuna,A,target_fish,1
tuna_009_A,D:\Hirusha\fish_data\train\tuna\grade_A\tuna_009_A_L.JPG,D:\Hirusha\fish_data\train\tuna\grade_A\tuna_009_A_R.JPG,fish,tuna,A,target_fish,1
tuna_010_A,D:\Hirusha\fish_data\train\tuna\grade_A\tuna_010_A_L.JPG,D:\Hirusha\fish_data\train\tuna\grade_A\tuna_010_A_R.JPG,fish,tuna,A,target_fish,1
tuna_011_A,D:\Hirusha\fish_data\train\tuna\grade_A\tuna_011_A_L.JPG,D:\Hirusha\fish_data\train\tuna\grade_A\tuna_011_A_R.JPG,fish,tuna,A,target_fish,1
tuna_013_A,D:\Hirusha\fish_data\train\tuna\grade_A\tuna_013_A_L.JPG,D:\Hirusha\fish_data\train\tuna\grade_A\tuna_013_A_R.JPG,fish,tuna,A,target_fish,1
tuna_014_A,D:\Hirusha\fish_data\train\tuna\grade_A\tuna_014_A_L.JPG,D:\Hirusha\fish_data\train\tuna\grade_A\tuna_014_A_R.JPG,fish,tuna,A,target_fish,1
tuna_017_A,D:\Hirusha\fish_data\train\tuna\grade_A\tuna_017_A_L.JPG,D:\Hirusha\fish_data\train\tuna\grade_A\tuna_017_A_R.JPG,fish,tuna,A,target_fish,1
tuna_018_A,D:\Hirusha\fish_data\train\tuna\grade_A\tuna_018_A_L.JPG,D:\Hirusha\fish_data\train\tuna\grade_A\tuna_018_A_R.JPG,fish,tuna,A,target_fish,1
tuna_019_A,D:\Hirusha\fish_data\train\tuna\grade_A\tuna_019_A_L.JPG,D:\Hirusha\fish_data\train\tuna\grade_A\tuna_019_A_R.JPG,fish,tuna,A,target_fish,1
tuna_020_A,D:\Hirusha\fish_data\train\tuna\grade_A\tuna_020_A_L.JPG,D:\Hirusha\fish_data\train\tuna\grade_A\tuna_020_A_R.JPG,fish,tuna,A,target_fish,1
tuna_021_A,D:\Hirusha\fish_data\train\tuna\grade_A\tuna_021_A_L.JPG,D:\Hirusha\fish_data\train\tuna\grade_A\tuna_021_A_R.JPG,fish,tuna,A,target_fish,1
tuna_022_A,D:\Hirusha\fish_data\train\tuna\grade_A\tuna_022_A_L.JPG,D:\Hirusha\fish_data\train\tuna\grade_A\tuna_022_A_R.JPG,fish,tuna,A,target_fish,1
tuna_024_A,D:\Hirusha\fish_data\train\tuna\grade_A\tuna_024_A_L.JPG,D:\Hirusha\fish_data\train\tuna\grade_A\tuna_024_A_R.JPG,fish,tuna,A,target_fish,1
tuna_025_A,D:\Hirusha\fish_data\train\tuna\grade_A\tuna_025_A_L.JPG,D:\Hirusha\fish_data\train\tuna\grade_A\tuna_025_A_R.JPG,fish,tuna,A,target_fish,1
tuna_026_A,D:\Hirusha\fish_data\train\tuna\grade_A\tuna_026_A_L.JPG,D:\Hirusha\fish_data\train\tuna\grade_A\tuna_026_A_R.JPG,fish,tuna,A,target_fish,1
tuna_027_A,D:\Hirusha\fish_data\train\tuna\grade_A\tuna_027_A_L.JPG,D:\Hirusha\fish_data\train\tuna\grade_A\tuna_027_A_R.JPG,fish,tuna,A,target_fish,1
tuna_028_A,D:\Hirusha\fish_data\train\tuna\grade_A\tuna_028_A_L.JPG,D:\Hirusha\fish_data\train\tuna\grade_A\tuna_028_A_R.JPG,fish,tuna,A,target_fish,1
tuna_030_A,D:\Hirusha\fish_data\train\tuna\grade_A\tuna_030_A_L.JPG,D:\Hirusha\fish_data\train\tuna\grade_A\tuna_030_A_R.JPG,fish,tuna,A,target_fish,1
tuna_031_A,D:\Hirusha\fish_data\train\tuna\grade_A\tuna_031_A_L.JPG,D:\Hirusha\fish_data\train\tuna\grade_A\tuna_031_A_R.JPG,fish,tuna,A,target_fish,1
tuna_033_A,D:\Hirusha\fish_data\train\tuna\grade_A\tuna_033_A_L.JPG,D:\Hirusha\fish_data\train\tuna\grade_A\tuna_033_A_R.JPG,fish,tuna,A,target_fish,1
tuna_034_A,D:\Hirusha\fish_data\train\tuna\grade_A\tuna_034_A_L.JPG,D:\Hirusha\fish_data\train\tuna\grade_A\tuna_034_A_R.JPG,fish,tuna,A,target_fish,1
tuna_036_A,D:\Hirusha\fish_data\train\tuna\grade_A\tuna_036_A_L.JPG,D:\Hirusha\fish_data\train\tuna\grade_A\tuna_036_A_R.JPG,fish,tuna,A,target_fish,1
tuna_037_A,D:\Hirusha\fish_data\train\tuna\grade_A\tuna_037_A_L.JPG,D:\Hirusha\fish_data\train\tuna\grade_A\tuna_037_A_R.JPG,fish,tuna,A,target_fish,1
tuna_038_A,D:\Hirusha\fish_data\train\tuna\grade_A\tuna_038_A_L.JPG,D:\Hirusha\fish_data\train\tuna\grade_A\tuna_038_A_R.JPG,fish,tuna,A,target_fish,1
tuna_039_A,D:\Hirusha\fish_data\train\tuna\grade_A\tuna_039_A_L.JPG,D:\Hirusha\fish_data\train\tuna\grade_A\tuna_039_A_R.JPG,fish,tuna,A,target_fish,1
tuna_040_A,D:\Hirusha\fish_data\train\tuna\grade_A\tuna_040_A_L.JPG,D:\Hirusha\fish_data\train\tuna\grade_A\tuna_040_A_R.JPG,fish,tuna,A,target_fish,1
tuna_041_A,D:\Hirusha\fish_data\train\tuna\grade_A\tuna_041_A_L.JPG,D:\Hirusha\fish_data\train\tuna\grade_A\tuna_041_A_R.JPG,fish,tuna,A,target_fish,1
tuna_042_A,D:\Hirusha\fish_data\train\tuna\grade_A\tuna_042_A_L.JPG,D:\Hirusha\fish_data\train\tuna\grade_A\tuna_042_A_R.JPG,fish,tuna,A,target_fish,1
tuna_043_A,D:\Hirusha\fish_data\train\tuna\grade_A\tuna_043_A_L.JPG,D:\Hirusha\fish_data\train\tuna\grade_A\tuna_043_A_R.JPG,fish,tuna,A,target_fish,1
tuna_044_A,D:\Hirusha\fish_data\train\tuna\grade_A\tuna_044_A_L.JPG,D:\Hirusha\fish_data\train\tuna\grade_A\tuna_044_A_R.JPG,fish,tuna,A,target_fish,1
tuna_045_A,D:\Hirusha\fish_data\train\tuna\grade_A\tuna_045_A_L.JPG,D:\Hirusha\fish_data\train\tuna\grade_A\tuna_045_A_R.JPG,fish,tuna,A,target_fish,1
tuna_046_A,D:\Hirusha\fish_data\train\tuna\grade_A\tuna_046_A_L.JPG,D:\Hirusha\fish_data\train\tuna\grade_A\tuna_046_A_R.JPG,fish,tuna,A,target_fish,1
tuna_047_A,D:\Hirusha\fish_data\train\tuna\grade_A\tuna_047_A_L.JPG,D:\Hirusha\fish_data\train\tuna\grade_A\tuna_047_A_R.JPG,fish,tuna,A,target_fish,1
tuna_048_A,D:\Hirusha\fish_data\train\tuna\grade_A\tuna_048_A_L.JPG,D:\Hirusha\fish_data\train\tuna\grade_A\tuna_048_A_R.JPG,fish,tuna,A,target_fish,1
tuna_049_A,D:\Hirusha\fish_data\train\tuna\grade_A\tuna_049_A_L.JPG,D:\Hirusha\fish_data\train\tuna\grade_A\tuna_049_A_R.JPG,fish,tuna,A,target_fish,1
tuna_050_A,D:\Hirusha\fish_data\train\tuna\grade_A\tuna_050_A_L.JPG,D:\Hirusha\fish_data\train\tuna\grade_A\tuna_050_A_R.JPG,fish,tuna,A,target_fish,1
tuna_051_A,D:\Hirusha\fish_data\train\tuna\grade_A\tuna_051_A_L.JPG,D:\Hirusha\fish_data\train\tuna\grade_A\tuna_051_A_R.JPG,fish,tuna,A,target_fish,1
tuna_052_A,D:\Hirusha\fish_data\train\tuna\grade_A\tuna_052_A_L.JPG,D:\Hirusha\fish_data\train\tuna\grade_A\tuna_052_A_R.JPG,fish,tuna,A,target_fish,1
tuna_053_A,D:\Hirusha\fish_data\train\tuna\grade_A\tuna_053_A_L.JPG,D:\Hirusha\fish_data\train\tuna\grade_A\tuna_053_A_R.JPG,fish,tuna,A,target_fish,1
tuna_054_A,D:\Hirusha\fish_data\train\tuna\grade_A\tuna_054_A_L.JPG,D:\Hirusha\fish_data\train\tuna\grade_A\tuna_054_A_R.JPG,fish,tuna,A,target_fish,1
tuna_056_A,D:\Hirusha\fish_data\train\tuna\grade_A\tuna_056_A_L.JPG,D:\Hirusha\fish_data\train\tuna\grade_A\tuna_056_A_R.JPG,fish,tuna,A,target_fish,1
tuna_057_A,D:\Hirusha\fish_data\train\tuna\grade_A\tuna_057_A_L.JPG,D:\Hirusha\fish_data\train\tuna\grade_A\tuna_057_A_R.JPG,fish,tuna,A,target_fish,1
tuna_059_A,D:\Hirusha\fish_data\train\tuna\grade_A\tuna_059_A_L.JPG,D:\Hirusha\fish_data\train\tuna\grade_A\tuna_059_A_R.JPG,fish,tuna,A,target_fish,1
tuna_060_A,D:\Hirusha\fish_data\train\tuna\grade_A\tuna_060_A_L.JPG,D:\Hirusha\fish_data\train\tuna\grade_A\tuna_060_A_R.JPG,fish,tuna,A,target_fish,1
tuna_061_A,D:\Hirusha\fish_data\train\tuna\grade_A\tuna_061_A_L.JPG,D:\Hirusha\fish_data\train\tuna\grade_A\tuna_061_A_R.JPG,fish,tuna,A,target_fish,1
tuna_062_A,D:\Hirusha\fish_data\train\tuna\grade_A\tuna_062_A_L.JPG,D:\Hirusha\fish_data\train\tuna\grade_A\tuna_062_A_R.JPG,fish,tuna,A,target_fish,1
tuna_063_A,D:\Hirusha\fish_data\train\tuna\grade_A\tuna_063_A_L.JPG,D:\Hirusha\fish_data\train\tuna\grade_A\tuna_063_A_R.JPG,fish,tuna,A,target_fish,1
tuna_064_A,D:\Hirusha\fish_data\train\tuna\grade_A\tuna_064_A_L.JPG,D:\Hirusha\fish_data\train\tuna\grade_A\tuna_064_A_R.JPG,fish,tuna,A,target_fish,1
tuna_067_A,D:\Hirusha\fish_data\train\tuna\grade_A\tuna_067_A_L.JPG,D:\Hirusha\fish_data\train\tuna\grade_A\tuna_067_A_R.JPG,fish,tuna,A,target_fish,1
tuna_068_A,D:\Hirusha\fish_data\train\tuna\grade_A\tuna_068_A_L.JPG,D:\Hirusha\fish_data\train\tuna\grade_A\tuna_068_A_R.JPG,fish,tuna,A,target_fish,1
tuna_069_A,D:\Hirusha\fish_data\train\tuna\grade_A\tuna_069_A_L.JPG,D:\Hirusha\fish_data\train\tuna\grade_A\tuna_069_A_R.JPG,fish,tuna,A,target_fish,1
tuna_071_A,D:\Hirusha\fish_data\train\tuna\grade_A\tuna_071_A_L.JPG,D:\Hirusha\fish_data\train\tuna\grade_A\tuna_071_A_R.JPG,fish,tuna,A,target_fish,1
tuna_072_A,D:\Hirusha\fish_data\train\tuna\grade_A\tuna_072_A_L.JPG,D:\Hirusha\fish_data\train\tuna\grade_A\tuna_072_A_R.JPG,fish,tuna,A,target_fish,1
tuna_073_A,D:\Hirusha\fish_data\train\tuna\grade_A\tuna_073_A_L.JPG,D:\Hirusha\fish_data\train\tuna\grade_A\tuna_073_A_R.JPG,fish,tuna,A,target_fish,1
tuna_075_A,D:\Hirusha\fish_data\train\tuna\grade_A\tuna_075_A_L.JPG,D:\Hirusha\fish_data\train\tuna\grade_A\tuna_075_A_R.JPG,fish,tuna,A,target_fish,1
tuna_076_A,D:\Hirusha\fish_data\train\tuna\grade_A\tuna_076_A_L.JPG,D:\Hirusha\fish_data\train\tuna\grade_A\tuna_076_A_R.JPG,fish,tuna,A,target_fish,1
tuna_078_A,D:\Hirusha\fish_data\train\tuna\grade_A\tuna_078_A_L.JPG,D:\Hirusha\fish_data\train\tuna\grade_A\tuna_078_A_R.JPG,fish,tuna,A,target_fish,1
tuna_080_A,D:\Hirusha\fish_data\train\tuna\grade_A\tuna_080_A_L.JPG,D:\Hirusha\fish_data\train\tuna\grade_A\tuna_080_A_R.JPG,fish,tuna,A,target_fish,1
tuna_081_A,D:\Hirusha\fish_data\train\tuna\grade_A\tuna_081_A_L.JPG,D:\Hirusha\fish_data\train\tuna\grade_A\tuna_081_A_R.JPG,fish,tuna,A,target_fish,1
tuna_082_A,D:\Hirusha\fish_data\train\tuna\grade_A\tuna_082_A_L.JPG,D:\Hirusha\fish_data\train\tuna\grade_A\tuna_082_A_R.JPG,fish,tuna,A,target_fish,1
tuna_084_A,D:\Hirusha\fish_data\train\tuna\grade_A\tuna_084_A_L.JPG,D:\Hirusha\fish_data\train\tuna\grade_A\tuna_084_A_R.JPG,fish,tuna,A,target_fish,1
tuna_085_A,D:\Hirusha\fish_data\train\tuna\grade_A\tuna_085_A_L.JPG,D:\Hirusha\fish_data\train\tuna\grade_A\tuna_085_A_R.JPG,fish,tuna,A,target_fish,1
tuna_086_A,D:\Hirusha\fish_data\train\tuna\grade_A\tuna_086_A_L.JPG,D:\Hirusha\fish_data\train\tuna\grade_A\tuna_086_A_R.JPG,fish,tuna,A,target_fish,1
tuna_002_B,D:\Hirusha\fish_data\train\tuna\grade_B\tuna_002_B_L.JPG,D:\Hirusha\fish_data\train\tuna\grade_B\tuna_002_B_R.JPG,fish,tuna,B,target_fish,1
tuna_004_B,D:\Hirusha\fish_data\train\tuna\grade_B\tuna_004_B_L.JPG,D:\Hirusha\fish_data\train\tuna\grade_B\tuna_004_B_R.JPG,fish,tuna,B,target_fish,1
tuna_005_B,D:\Hirusha\fish_data\train\tuna\grade_B\tuna_005_B_L.JPG,D:\Hirusha\fish_data\train\tuna\grade_B\tuna_005_B_R.JPG,fish,tuna,B,target_fish,1
tuna_006_B,D:\Hirusha\fish_data\train\tuna\grade_B\tuna_006_B_L.JPG,D:\Hirusha\fish_data\train\tuna\grade_B\tuna_006_B_R.JPG,fish,tuna,B,target_fish,1
tuna_007_B,D:\Hirusha\fish_data\train\tuna\grade_B\tuna_007_B_L.JPG,D:\Hirusha\fish_data\train\tuna\grade_B\tuna_007_B_R.JPG,fish,tuna,B,target_fish,1
tuna_009_B,D:\Hirusha\fish_data\train\tuna\grade_B\tuna_009_B_L.jpg,D:\Hirusha\fish_data\train\tuna\grade_B\tuna_009_B_R.jpg,fish,tuna,B,target_fish,1
tuna_011_B,D:\Hirusha\fish_data\train\tuna\grade_B\tuna_011_B_L.jpg,D:\Hirusha\fish_data\train\tuna\grade_B\tuna_011_B_R.jpg,fish,tuna,B,target_fish,1
tuna_013_B,D:\Hirusha\fish_data\train\tuna\grade_B\tuna_013_B_L.jpg,D:\Hirusha\fish_data\train\tuna\grade_B\tuna_013_B_R.jpg,fish,tuna,B,target_fish,1
tuna_014_B,D:\Hirusha\fish_data\train\tuna\grade_B\tuna_014_B_L.jpg,D:\Hirusha\fish_data\train\tuna\grade_B\tuna_014_B_R.jpg,fish,tuna,B,target_fish,1
tuna_017_B,D:\Hirusha\fish_data\train\tuna\grade_B\tuna_017_B_L.jpg,D:\Hirusha\fish_data\train\tuna\grade_B\tuna_017_B_R.jpg,fish,tuna,B,target_fish,1
tuna_018_B,D:\Hirusha\fish_data\train\tuna\grade_B\tuna_018_B_L.jpg,D:\Hirusha\fish_data\train\tuna\grade_B\tuna_018_B_R.jpg,fish,tuna,B,target_fish,1
tuna_019_B,D:\Hirusha\fish_data\train\tuna\grade_B\tuna_019_B_L.jpg,D:\Hirusha\fish_data\train\tuna\grade_B\tuna_019_B_R.jpg,fish,tuna,B,target_fish,1
tuna_020_B,D:\Hirusha\fish_data\train\tuna\grade_B\tuna_020_B_L.jpg,D:\Hirusha\fish_data\train\tuna\grade_B\tuna_020_B_R.jpg,fish,tuna,B,target_fish,1
tuna_021_B,D:\Hirusha\fish_data\train\tuna\grade_B\tuna_021_B_L.jpg,D:\Hirusha\fish_data\train\tuna\grade_B\tuna_021_B_R.jpg,fish,tuna,B,target_fish,1
tuna_023_B,D:\Hirusha\fish_data\train\tuna\grade_B\tuna_023_B_L.jpg,D:\Hirusha\fish_data\train\tuna\grade_B\tuna_023_B_R.jpg,fish,tuna,B,target_fish,1
tuna_024_B,D:\Hirusha\fish_data\train\tuna\grade_B\tuna_024_B_L.jpg,D:\Hirusha\fish_data\train\tuna\grade_B\tuna_024_B_R.jpg,fish,tuna,B,target_fish,1
tuna_026_B,D:\Hirusha\fish_data\train\tuna\grade_B\tuna_026_B_L.jpg,D:\Hirusha\fish_data\train\tuna\grade_B\tuna_026_B_R.jpg,fish,tuna,B,target_fish,1
tuna_028_B,D:\Hirusha\fish_data\train\tuna\grade_B\tuna_028_B_L.jpg,D:\Hirusha\fish_data\train\tuna\grade_B\tuna_028_B_R.jpg,fish,tuna,B,target_fish,1
tuna_030_B,D:\Hirusha\fish_data\train\tuna\grade_B\tuna_030_B_L.jpg,D:\Hirusha\fish_data\train\tuna\grade_B\tuna_030_B_R.jpg,fish,tuna,B,target_fish,1
tuna_031_B,D:\Hirusha\fish_data\train\tuna\grade_B\tuna_031_B_L.jpg,D:\Hirusha\fish_data\train\tuna\grade_B\tuna_031_B_R.jpg,fish,tuna,B,target_fish,1
tuna_033_B,D:\Hirusha\fish_data\train\tuna\grade_B\tuna_033_B_L.jpg,D:\Hirusha\fish_data\train\tuna\grade_B\tuna_033_B_R.jpg,fish,tuna,B,target_fish,1
tuna_035_B,D:\Hirusha\fish_data\train\tuna\grade_B\tuna_035_B_L.jpg,D:\Hirusha\fish_data\train\tuna\grade_B\tuna_035_B_R.jpg,fish,tuna,B,target_fish,1
tuna_036_B,D:\Hirusha\fish_data\train\tuna\grade_B\tuna_036_B_L.jpg,D:\Hirusha\fish_data\train\tuna\grade_B\tuna_036_B_R.jpg,fish,tuna,B,target_fish,1
tuna_037_B,D:\Hirusha\fish_data\train\tuna\grade_B\tuna_037_B_L.jpg,D:\Hirusha\fish_data\train\tuna\grade_B\tuna_037_B_R.jpg,fish,tuna,B,target_fish,1
tuna_038_B,D:\Hirusha\fish_data\train\tuna\grade_B\tuna_038_B_L.jpg,D:\Hirusha\fish_data\train\tuna\grade_B\tuna_038_B_R.jpg,fish,tuna,B,target_fish,1
tuna_039_B,D:\Hirusha\fish_data\train\tuna\grade_B\tuna_039_B_L.jpg,D:\Hirusha\fish_data\train\tuna\grade_B\tuna_039_B_R.jpg,fish,tuna,B,target_fish,1
tuna_040_B,D:\Hirusha\fish_data\train\tuna\grade_B\tuna_040_B_L.jpg,D:\Hirusha\fish_data\train\tuna\grade_B\tuna_040_B_R.jpg,fish,tuna,B,target_fish,1
tuna_041_B,D:\Hirusha\fish_data\train\tuna\grade_B\tuna_041_B_L.jpg,D:\Hirusha\fish_data\train\tuna\grade_B\tuna_041_B_R.jpg,fish,tuna,B,target_fish,1
tuna_042_B,D:\Hirusha\fish_data\train\tuna\grade_B\tuna_042_B_L.jpg,D:\Hirusha\fish_data\train\tuna\grade_B\tuna_042_B_R.jpg,fish,tuna,B,target_fish,1
tuna_043_B,D:\Hirusha\fish_data\train\tuna\grade_B\tuna_043_B_L.jpg,D:\Hirusha\fish_data\train\tuna\grade_B\tuna_043_B_R.jpg,fish,tuna,B,target_fish,1
tuna_044_B,D:\Hirusha\fish_data\train\tuna\grade_B\tuna_044_B_L.jpg,D:\Hirusha\fish_data\train\tuna\grade_B\tuna_044_B_R.jpg,fish,tuna,B,target_fish,1
tuna_045_B,D:\Hirusha\fish_data\train\tuna\grade_B\tuna_045_B_L.jpg,D:\Hirusha\fish_data\train\tuna\grade_B\tuna_045_B_R.jpg,fish,tuna,B,target_fish,1
tuna_047_B,D:\Hirusha\fish_data\train\tuna\grade_B\tuna_047_B_L.jpg,D:\Hirusha\fish_data\train\tuna\grade_B\tuna_047_B_R.jpg,fish,tuna,B,target_fish,1
tuna_050_B,D:\Hirusha\fish_data\train\tuna\grade_B\tuna_050_B_L.jpg,D:\Hirusha\fish_data\train\tuna\grade_B\tuna_050_B_R.jpg,fish,tuna,B,target_fish,1
tuna_051_B,D:\Hirusha\fish_data\train\tuna\grade_B\tuna_051_B_L.jpg,D:\Hirusha\fish_data\train\tuna\grade_B\tuna_051_B_R.jpg,fish,tuna,B,target_fish,1
tuna_052_B,D:\Hirusha\fish_data\train\tuna\grade_B\tuna_052_B_L.jpg,D:\Hirusha\fish_data\train\tuna\grade_B\tuna_052_B_R.jpg,fish,tuna,B,target_fish,1
tuna_055_B,D:\Hirusha\fish_data\train\tuna\grade_B\tuna_055_B_L.jpg,D:\Hirusha\fish_data\train\tuna\grade_B\tuna_055_B_R.jpg,fish,tuna,B,target_fish,1
tuna_057_B,D:\Hirusha\fish_data\train\tuna\grade_B\tuna_057_B_L.jpg,D:\Hirusha\fish_data\train\tuna\grade_B\tuna_057_B_R.jpg,fish,tuna,B,target_fish,1
tuna_058_B,D:\Hirusha\fish_data\train\tuna\grade_B\tuna_058_B_L.jpg,D:\Hirusha\fish_data\train\tuna\grade_B\tuna_058_B_R.jpg,fish,tuna,B,target_fish,1
tuna_059_B,D:\Hirusha\fish_data\train\tuna\grade_B\tuna_059_B_L.jpg,D:\Hirusha\fish_data\train\tuna\grade_B\tuna_059_B_R.jpg,fish,tuna,B,target_fish,1
tuna_062_B,D:\Hirusha\fish_data\train\tuna\grade_B\tuna_062_B_L.jpg,D:\Hirusha\fish_data\train\tuna\grade_B\tuna_062_B_R.jpg,fish,tuna,B,target_fish,1
tuna_063_B,D:\Hirusha\fish_data\train\tuna\grade_B\tuna_063_B_L.jpg,D:\Hirusha\fish_data\train\tuna\grade_B\tuna_063_B_R.jpg,fish,tuna,B,target_fish,1
tuna_065_B,D:\Hirusha\fish_data\train\tuna\grade_B\tuna_065_B_L.jpg,D:\Hirusha\fish_data\train\tuna\grade_B\tuna_065_B_R.jpg,fish,tuna,B,target_fish,1
tuna_066_B,D:\Hirusha\fish_data\train\tuna\grade_B\tuna_066_B_L.jpg,D:\Hirusha\fish_data\train\tuna\grade_B\tuna_066_B_R.jpg,fish,tuna,B,target_fish,1
tuna_067_B,D:\Hirusha\fish_data\train\tuna\grade_B\tuna_067_B_L.jpg,D:\Hirusha\fish_data\train\tuna\grade_B\tuna_067_B_R.jpg,fish,tuna,B,target_fish,1
tuna_069_B,D:\Hirusha\fish_data\train\tuna\grade_B\tuna_069_B_L.jpg,D:\Hirusha\fish_data\train\tuna\grade_B\tuna_069_B_R.jpg,fish,tuna,B,target_fish,1
tuna_070_B,D:\Hirusha\fish_data\train\tuna\grade_B\tuna_070_B_L.jpg,D:\Hirusha\fish_data\train\tuna\grade_B\tuna_070_B_R.jpg,fish,tuna,B,target_fish,1
tuna_071_B,D:\Hirusha\fish_data\train\tuna\grade_B\tuna_071_B_L.jpg,D:\Hirusha\fish_data\train\tuna\grade_B\tuna_071_B_R.jpg,fish,tuna,B,target_fish,1
tuna_075_B,D:\Hirusha\fish_data\train\tuna\grade_B\tuna_075_B_L.jpg,D:\Hirusha\fish_data\train\tuna\grade_B\tuna_075_B_R.jpg,fish,tuna,B,target_fish,1
tuna_076_B,D:\Hirusha\fish_data\train\tuna\grade_B\tuna_076_B_L.jpg,D:\Hirusha\fish_data\train\tuna\grade_B\tuna_076_B_R.jpg,fish,tuna,B,target_fish,1
tuna_078_B,D:\Hirusha\fish_data\train\tuna\grade_B\tuna_078_B_L.jpg,D:\Hirusha\fish_data\train\tuna\grade_B\tuna_078_B_R.jpg,fish,tuna,B,target_fish,1
tuna_081_B,D:\Hirusha\fish_data\train\tuna\grade_B\tuna_081_B_L.jpg,D:\Hirusha\fish_data\train\tuna\grade_B\tuna_081_B_R.jpg,fish,tuna,B,target_fish,1
tuna_082_B,D:\Hirusha\fish_data\train\tuna\grade_B\tuna_082_B_L.jpg,D:\Hirusha\fish_data\train\tuna\grade_B\tuna_082_B_R.jpg,fish,tuna,B,target_fish,1
tuna_083_B,D:\Hirusha\fish_data\train\tuna\grade_B\tuna_083_B_L.jpg,D:\Hirusha\fish_data\train\tuna\grade_B\tuna_083_B_R.jpg,fish,tuna,B,target_fish,1
tuna_084_B,D:\Hirusha\fish_data\train\tuna\grade_B\tuna_084_B_L.jpg,D:\Hirusha\fish_data\train\tuna\grade_B\tuna_084_B_R.jpg,fish,tuna,B,target_fish,1
tuna_085_B,D:\Hirusha\fish_data\train\tuna\grade_B\tuna_085_B_L.jpg,D:\Hirusha\fish_data\train\tuna\grade_B\tuna_085_B_R.jpg,fish,tuna,B,target_fish,1
tuna_087_B,D:\Hirusha\fish_data\train\tuna\grade_B\tuna_087_B_L.jpg,D:\Hirusha\fish_data\train\tuna\grade_B\tuna_087_B_R.jpg,fish,tuna,B,target_fish,1
tuna_089_B,D:\Hirusha\fish_data\train\tuna\grade_B\tuna_089_B_L.jpg,D:\Hirusha\fish_data\train\tuna\grade_B\tuna_089_B_R.jpg,fish,tuna,B,target_fish,1
tuna_090_B,D:\Hirusha\fish_data\train\tuna\grade_B\tuna_090_B_L.jpg,D:\Hirusha\fish_data\train\tuna\grade_B\tuna_090_B_R.jpg,fish,tuna,B,target_fish,1
tuna_091_B,D:\Hirusha\fish_data\train\tuna\grade_B\tuna_091_B_L.jpg,D:\Hirusha\fish_data\train\tuna\grade_B\tuna_091_B_R.jpg,fish,tuna,B,target_fish,1
tuna_092_B,D:\Hirusha\fish_data\train\tuna\grade_B\tuna_092_B_L.jpg,D:\Hirusha\fish_data\train\tuna\grade_B\tuna_092_B_R.jpg,fish,tuna,B,target_fish,1
tuna_093_B,D:\Hirusha\fish_data\train\tuna\grade_B\tuna_093_B_L.jpg,D:\Hirusha\fish_data\train\tuna\grade_B\tuna_093_B_R.jpg,fish,tuna,B,target_fish,1
tuna_094_B,D:\Hirusha\fish_data\train\tuna\grade_B\tuna_094_B_L.jpg,D:\Hirusha\fish_data\train\tuna\grade_B\tuna_094_B_R.jpg,fish,tuna,B,target_fish,1
tuna_095_B,D:\Hirusha\fish_data\train\tuna\grade_B\tuna_095_B_L.jpg,D:\Hirusha\fish_data\train\tuna\grade_B\tuna_095_B_R.jpg,fish,tuna,B,target_fish,1
tuna_096_B,D:\Hirusha\fish_data\train\tuna\grade_B\tuna_096_B_L.jpg,D:\Hirusha\fish_data\train\tuna\grade_B\tuna_096_B_R.jpg,fish,tuna,B,target_fish,1
tuna_097_B,D:\Hirusha\fish_data\train\tuna\grade_B\tuna_097_B_L.jpg,D:\Hirusha\fish_data\train\tuna\grade_B\tuna_097_B_R.jpg,fish,tuna,B,target_fish,1
tuna_098_B,D:\Hirusha\fish_data\train\tuna\grade_B\tuna_098_B_L.jpg,D:\Hirusha\fish_data\train\tuna\grade_B\tuna_098_B_R.jpg,fish,tuna,B,target_fish,1
tuna_099_B,D:\Hirusha\fish_data\train\tuna\grade_B\tuna_099_B_L.jpg,D:\Hirusha\fish_data\train\tuna\grade_B\tuna_099_B_R.jpg,fish,tuna,B,target_fish,1
tuna_101_B,D:\Hirusha\fish_data\train\tuna\grade_B\tuna_101_B_L.jpg,D:\Hirusha\fish_data\train\tuna\grade_B\tuna_101_B_R.jpg,fish,tuna,B,target_fish,1
tuna_105_B,D:\Hirusha\fish_data\train\tuna\grade_B\tuna_105_B_L.jpg,D:\Hirusha\fish_data\train\tuna\grade_B\tuna_105_B_R.jpg,fish,tuna,B,target_fish,1
tuna_107_B,D:\Hirusha\fish_data\train\tuna\grade_B\tuna_107_B_L.jpg,D:\Hirusha\fish_data\train\tuna\grade_B\tuna_107_B_R.jpg,fish,tuna,B,target_fish,1
tuna_110_B,D:\Hirusha\fish_data\train\tuna\grade_B\tuna_110_B_L.jpg,D:\Hirusha\fish_data\train\tuna\grade_B\tuna_110_B_R.jpg,fish,tuna,B,target_fish,1
tuna_111_B,D:\Hirusha\fish_data\train\tuna\grade_B\tuna_111_B_L.jpg,D:\Hirusha\fish_data\train\tuna\grade_B\tuna_111_B_R.jpg,fish,tuna,B,target_fish,1
tuna_113_B,D:\Hirusha\fish_data\train\tuna\grade_B\tuna_113_B_L.jpg,D:\Hirusha\fish_data\train\tuna\grade_B\tuna_113_B_R.jpg,fish,tuna,B,target_fish,1
tuna_115_B,D:\Hirusha\fish_data\train\tuna\grade_B\tuna_115_B_L.jpg,D:\Hirusha\fish_data\train\tuna\grade_B\tuna_115_B_R.jpg,fish,tuna,B,target_fish,1
tuna_116_B,D:\Hirusha\fish_data\train\tuna\grade_B\tuna_116_B_L.jpg,D:\Hirusha\fish_data\train\tuna\grade_B\tuna_116_B_R.jpg,fish,tuna,B,target_fish,1
tuna_118_B,D:\Hirusha\fish_data\train\tuna\grade_B\tuna_118_B_L.jpg,D:\Hirusha\fish_data\train\tuna\grade_B\tuna_118_B_R.jpg,fish,tuna,B,target_fish,1
tuna_119_B,D:\Hirusha\fish_data\train\tuna\grade_B\tuna_119_B_L.jpg,D:\Hirusha\fish_data\train\tuna\grade_B\tuna_119_B_R.jpg,fish,tuna,B,target_fish,1
tuna_120_B,D:\Hirusha\fish_data\train\tuna\grade_B\tuna_120_B_L.jpg,D:\Hirusha\fish_data\train\tuna\grade_B\tuna_120_B_R.jpg,fish,tuna,B,target_fish,1
tuna_122_B,D:\Hirusha\fish_data\train\tuna\grade_B\tuna_122_B_L.jpg,D:\Hirusha\fish_data\train\tuna\grade_B\tuna_122_B_R.jpg,fish,tuna,B,target_fish,1
tuna_123_B,D:\Hirusha\fish_data\train\tuna\grade_B\tuna_123_B_L.jpg,D:\Hirusha\fish_data\train\tuna\grade_B\tuna_123_B_R.jpg,fish,tuna,B,target_fish,1
tuna_125_B,D:\Hirusha\fish_data\train\tuna\grade_B\tuna_125_B_L.jpg,D:\Hirusha\fish_data\train\tuna\grade_B\tuna_125_B_R.jpg,fish,tuna,B,target_fish,1
tuna_126_B,D:\Hirusha\fish_data\train\tuna\grade_B\tuna_126_B_L.jpg,D:\Hirusha\fish_data\train\tuna\grade_B\tuna_126_B_R.jpg,fish,tuna,B,target_fish,1
tuna_001_C,D:\Hirusha\fish_data\train\tuna\grade_C\tuna_001_C_L.JPG,D:\Hirusha\fish_data\train\tuna\grade_C\tuna_001_C_R.JPG,fish,tuna,C,target_fish,1
tuna_002_C,D:\Hirusha\fish_data\train\tuna\grade_C\tuna_002_C_L.JPG,D:\Hirusha\fish_data\train\tuna\grade_C\tuna_002_C_R.JPG,fish,tuna,C,target_fish,1
tuna_003_C,D:\Hirusha\fish_data\train\tuna\grade_C\tuna_003_C_L.JPG,D:\Hirusha\fish_data\train\tuna\grade_C\tuna_003_C_R.JPG,fish,tuna,C,target_fish,1
tuna_005_C,D:\Hirusha\fish_data\train\tuna\grade_C\tuna_005_C_L.JPG,D:\Hirusha\fish_data\train\tuna\grade_C\tuna_005_C_R.JPG,fish,tuna,C,target_fish,1
tuna_006_C,D:\Hirusha\fish_data\train\tuna\grade_C\tuna_006_C_L.JPG,D:\Hirusha\fish_data\train\tuna\grade_C\tuna_006_C_R.JPG,fish,tuna,C,target_fish,1
tuna_007_C,D:\Hirusha\fish_data\train\tuna\grade_C\tuna_007_C_L.JPG,D:\Hirusha\fish_data\train\tuna\grade_C\tuna_007_C_R.JPG,fish,tuna,C,target_fish,1
tuna_009_C,D:\Hirusha\fish_data\train\tuna\grade_C\tuna_009_C_L.JPG,D:\Hirusha\fish_data\train\tuna\grade_C\tuna_009_C_R.JPG,fish,tuna,C,target_fish,1
tuna_010_C,D:\Hirusha\fish_data\train\tuna\grade_C\tuna_010_C_L.JPG,D:\Hirusha\fish_data\train\tuna\grade_C\tuna_010_C_R.JPG,fish,tuna,C,target_fish,1
tuna_012_C,D:\Hirusha\fish_data\train\tuna\grade_C\tuna_012_C_L.JPG,D:\Hirusha\fish_data\train\tuna\grade_C\tuna_012_C_R.JPG,fish,tuna,C,target_fish,1
tuna_014_C,D:\Hirusha\fish_data\train\tuna\grade_C\tuna_014_C_L.JPG,D:\Hirusha\fish_data\train\tuna\grade_C\tuna_014_C_R.JPG,fish,tuna,C,target_fish,1
tuna_015_C,D:\Hirusha\fish_data\train\tuna\grade_C\tuna_015_C_L.JPG,D:\Hirusha\fish_data\train\tuna\grade_C\tuna_015_C_R.JPG,fish,tuna,C,target_fish,1
tuna_016_C,D:\Hirusha\fish_data\train\tuna\grade_C\tuna_016_C_L.JPG,D:\Hirusha\fish_data\train\tuna\grade_C\tuna_016_C_R.JPG,fish,tuna,C,target_fish,1
tuna_017_C,D:\Hirusha\fish_data\train\tuna\grade_C\tuna_017_C_L.JPG,D:\Hirusha\fish_data\train\tuna\grade_C\tuna_017_C_R.JPG,fish,tuna,C,target_fish,1
tuna_018_C,D:\Hirusha\fish_data\train\tuna\grade_C\tuna_018_C_L.JPG,D:\Hirusha\fish_data\train\tuna\grade_C\tuna_018_C_R.JPG,fish,tuna,C,target_fish,1
tuna_019_C,D:\Hirusha\fish_data\train\tuna\grade_C\tuna_019_C_L.JPG,D:\Hirusha\fish_data\train\tuna\grade_C\tuna_019_C_R.JPG,fish,tuna,C,target_fish,1
tuna_020_C,D:\Hirusha\fish_data\train\tuna\grade_C\tuna_020_C_L.JPG,D:\Hirusha\fish_data\train\tuna\grade_C\tuna_020_C_R.JPG,fish,tuna,C,target_fish,1
tuna_021_C,D:\Hirusha\fish_data\train\tuna\grade_C\tuna_021_C_L.JPG,D:\Hirusha\fish_data\train\tuna\grade_C\tuna_021_C_R.JPG,fish,tuna,C,target_fish,1
tuna_022_C,D:\Hirusha\fish_data\train\tuna\grade_C\tuna_022_C_L.JPG,D:\Hirusha\fish_data\train\tuna\grade_C\tuna_022_C_R.JPG,fish,tuna,C,target_fish,1
tuna_024_C,D:\Hirusha\fish_data\train\tuna\grade_C\tuna_024_C_L.JPG,D:\Hirusha\fish_data\train\tuna\grade_C\tuna_024_C_R.JPG,fish,tuna,C,target_fish,1
tuna_025_C,D:\Hirusha\fish_data\train\tuna\grade_C\tuna_025_C_L.JPG,D:\Hirusha\fish_data\train\tuna\grade_C\tuna_025_C_R.JPG,fish,tuna,C,target_fish,1
tuna_026_C,D:\Hirusha\fish_data\train\tuna\grade_C\tuna_026_C_L.JPG,D:\Hirusha\fish_data\train\tuna\grade_C\tuna_026_C_R.JPG,fish,tuna,C,target_fish,1
tuna_029_C,D:\Hirusha\fish_data\train\tuna\grade_C\tuna_029_C_L.JPG,D:\Hirusha\fish_data\train\tuna\grade_C\tuna_029_C_R.JPG,fish,tuna,C,target_fish,1
whitemullet_001_A,D:\Hirusha\fish_data\train\whitemullet\grade_A\whitemullet_001_A_L.JPG,D:\Hirusha\fish_data\train\whitemullet\grade_A\whitemullet_001_A_R.JPG,fish,whitemullet,A,target_fish,1
whitemullet_002_A,D:\Hirusha\fish_data\train\whitemullet\grade_A\whitemullet_002_A_L.JPG,D:\Hirusha\fish_data\train\whitemullet\grade_A\whitemullet_002_A_R.JPG,fish,whitemullet,A,target_fish,1
whitemullet_004_A,D:\Hirusha\fish_data\train\whitemullet\grade_A\whitemullet_004_A_L.JPG,D:\Hirusha\fish_data\train\whitemullet\grade_A\whitemullet_004_A_R.JPG,fish,whitemullet,A,target_fish,1
whitemullet_005_A,D:\Hirusha\fish_data\train\whitemullet\grade_A\whitemullet_005_A_L.JPG,D:\Hirusha\fish_data\train\whitemullet\grade_A\whitemullet_005_A_R.JPG,fish,whitemullet,A,target_fish,1
whitemullet_007_A,D:\Hirusha\fish_data\train\whitemullet\grade_A\whitemullet_007_A_L.JPG,D:\Hirusha\fish_data\train\whitemullet\grade_A\whitemullet_007_A_R.JPG,fish,whitemullet,A,target_fish,1
whitemullet_008_A,D:\Hirusha\fish_data\train\whitemullet\grade_A\whitemullet_008_A_L.JPG,D:\Hirusha\fish_data\train\whitemullet\grade_A\whitemullet_008_A_R.JPG,fish,whitemullet,A,target_fish,1
whitemullet_009_A,D:\Hirusha\fish_data\train\whitemullet\grade_A\whitemullet_009_A_L.JPG,D:\Hirusha\fish_data\train\whitemullet\grade_A\whitemullet_009_A_R.JPG,fish,whitemullet,A,target_fish,1
whitemullet_010_A,D:\Hirusha\fish_data\train\whitemullet\grade_A\whitemullet_010_A_L.JPG,D:\Hirusha\fish_data\train\whitemullet\grade_A\whitemullet_010_A_R.JPG,fish,whitemullet,A,target_fish,1
whitemullet_011_A,D:\Hirusha\fish_data\train\whitemullet\grade_A\whitemullet_011_A_L.JPG,D:\Hirusha\fish_data\train\whitemullet\grade_A\whitemullet_011_A_R.JPG,fish,whitemullet,A,target_fish,1
whitemullet_012_A,D:\Hirusha\fish_data\train\whitemullet\grade_A\whitemullet_012_A_L.JPG,D:\Hirusha\fish_data\train\whitemullet\grade_A\whitemullet_012_A_R.JPG,fish,whitemullet,A,target_fish,1
whitemullet_015_A,D:\Hirusha\fish_data\train\whitemullet\grade_A\whitemullet_015_A_L.JPG,D:\Hirusha\fish_data\train\whitemullet\grade_A\whitemullet_015_A_R.JPG,fish,whitemullet,A,target_fish,1
whitemullet_017_A,D:\Hirusha\fish_data\train\whitemullet\grade_A\whitemullet_017_A_L.JPG,D:\Hirusha\fish_data\train\whitemullet\grade_A\whitemullet_017_A_R.JPG,fish,whitemullet,A,target_fish,1
whitemullet_019_A,D:\Hirusha\fish_data\train\whitemullet\grade_A\whitemullet_019_A_L.JPG,D:\Hirusha\fish_data\train\whitemullet\grade_A\whitemullet_019_A_R.JPG,fish,whitemullet,A,target_fish,1
whitemullet_021_A,D:\Hirusha\fish_data\train\whitemullet\grade_A\whitemullet_021_A_L.JPG,D:\Hirusha\fish_data\train\whitemullet\grade_A\whitemullet_021_A_R.JPG,fish,whitemullet,A,target_fish,1
whitemullet_022_A,D:\Hirusha\fish_data\train\whitemullet\grade_A\whitemullet_022_A_L.JPG,D:\Hirusha\fish_data\train\whitemullet\grade_A\whitemullet_022_A_R.JPG,fish,whitemullet,A,target_fish,1
whitemullet_023_A,D:\Hirusha\fish_data\train\whitemullet\grade_A\whitemullet_023_A_L.JPG,D:\Hirusha\fish_data\train\whitemullet\grade_A\whitemullet_023_A_R.JPG,fish,whitemullet,A,target_fish,1
whitemullet_024_A,D:\Hirusha\fish_data\train\whitemullet\grade_A\whitemullet_024_A_L.JPG,D:\Hirusha\fish_data\train\whitemullet\grade_A\whitemullet_024_A_R.JPG,fish,whitemullet,A,target_fish,1
whitemullet_025_A,D:\Hirusha\fish_data\train\whitemullet\grade_A\whitemullet_025_A_L.JPG,D:\Hirusha\fish_data\train\whitemullet\grade_A\whitemullet_025_A_R.JPG,fish,whitemullet,A,target_fish,1
whitemullet_026_A,D:\Hirusha\fish_data\train\whitemullet\grade_A\whitemullet_026_A_L.JPG,D:\Hirusha\fish_data\train\whitemullet\grade_A\whitemullet_026_A_R.JPG,fish,whitemullet,A,target_fish,1
whitemullet_028_A,D:\Hirusha\fish_data\train\whitemullet\grade_A\whitemullet_028_A_L.JPG,D:\Hirusha\fish_data\train\whitemullet\grade_A\whitemullet_028_A_R.JPG,fish,whitemullet,A,target_fish,1
yellowfintrevally_002_A,D:\Hirusha\fish_data\train\yellowfintrevally\Grade_A\yellowfintrevally_002_A_L.JPG,D:\Hirusha\fish_data\train\yellowfintrevally\Grade_A\yellowfintrevally_002_A_R.JPG,fish,yellowfintrevally,A,target_fish,1
yellowfintrevally_003_A,D:\Hirusha\fish_data\train\yellowfintrevally\Grade_A\yellowfintrevally_003_A_L.JPG,D:\Hirusha\fish_data\train\yellowfintrevally\Grade_A\yellowfintrevally_003_A_R.JPG,fish,yellowfintrevally,A,target_fish,1
yellowfintrevally_004_A,D:\Hirusha\fish_data\train\yellowfintrevally\Grade_A\yellowfintrevally_004_A_L.JPG,D:\Hirusha\fish_data\train\yellowfintrevally\Grade_A\yellowfintrevally_004_A_R.JPG,fish,yellowfintrevally,A,target_fish,1
yellowfintrevally_005_A,D:\Hirusha\fish_data\train\yellowfintrevally\Grade_A\yellowfintrevally_005_A_L.JPG,D:\Hirusha\fish_data\train\yellowfintrevally\Grade_A\yellowfintrevally_005_A_R.JPG,fish,yellowfintrevally,A,target_fish,1
yellowfintrevally_006_A,D:\Hirusha\fish_data\train\yellowfintrevally\Grade_A\yellowfintrevally_006_A_L.JPG,D:\Hirusha\fish_data\train\yellowfintrevally\Grade_A\yellowfintrevally_006_A_R.JPG,fish,yellowfintrevally,A,target_fish,1
yellowfintrevally_007_A,D:\Hirusha\fish_data\train\yellowfintrevally\Grade_A\yellowfintrevally_007_A_L.JPG,D:\Hirusha\fish_data\train\yellowfintrevally\Grade_A\yellowfintrevally_007_A_R.JPG,fish,yellowfintrevally,A,target_fish,1
yellowfintrevally_008_A,D:\Hirusha\fish_data\train\yellowfintrevally\Grade_A\yellowfintrevally_008_A_L.JPG,D:\Hirusha\fish_data\train\yellowfintrevally\Grade_A\yellowfintrevally_008_A_R.JPG,fish,yellowfintrevally,A,target_fish,1
yellowfintrevally_009_A,D:\Hirusha\fish_data\train\yellowfintrevally\Grade_A\yellowfintrevally_009_A_L.JPG,D:\Hirusha\fish_data\train\yellowfintrevally\Grade_A\yellowfintrevally_009_A_R.JPG,fish,yellowfintrevally,A,target_fish,1
yellowfintrevally_010_A,D:\Hirusha\fish_data\train\yellowfintrevally\Grade_A\yellowfintrevally_010_A_L.JPG,D:\Hirusha\fish_data\train\yellowfintrevally\Grade_A\yellowfintrevally_010_A_R.JPG,fish,yellowfintrevally,A,target_fish,1
yellowfintrevally_012_A,D:\Hirusha\fish_data\train\yellowfintrevally\Grade_A\yellowfintrevally_012_A_L.JPG,D:\Hirusha\fish_data\train\yellowfintrevally\Grade_A\yellowfintrevally_012_A_R.JPG,fish,yellowfintrevally,A,target_fish,1
yellowfintrevally_014_A,D:\Hirusha\fish_data\train\yellowfintrevally\Grade_A\yellowfintrevally_014_A_L.JPG,D:\Hirusha\fish_data\train\yellowfintrevally\Grade_A\yellowfintrevally_014_A_R.JPG,fish,yellowfintrevally,A,target_fish,1
yellowfintrevally_015_A,D:\Hirusha\fish_data\train\yellowfintrevally\Grade_A\yellowfintrevally_015_A_L.JPG,D:\Hirusha\fish_data\train\yellowfintrevally\Grade_A\yellowfintrevally_015_A_R.JPG,fish,yellowfintrevally,A,target_fish,1
yellowfintrevally_017_A,D:\Hirusha\fish_data\train\yellowfintrevally\Grade_A\yellowfintrevally_017_A_L.JPG,D:\Hirusha\fish_data\train\yellowfintrevally\Grade_A\yellowfintrevally_017_A_R.JPG,fish,yellowfintrevally,A,target_fish,1
yellowfintrevally_018_A,D:\Hirusha\fish_data\train\yellowfintrevally\Grade_A\yellowfintrevally_018_A_L.JPG,D:\Hirusha\fish_data\train\yellowfintrevally\Grade_A\yellowfintrevally_018_A_R.JPG,fish,yellowfintrevally,A,target_fish,1
yellowfintrevally_019_A,D:\Hirusha\fish_data\train\yellowfintrevally\Grade_A\yellowfintrevally_019_A_L.JPG,D:\Hirusha\fish_data\train\yellowfintrevally\Grade_A\yellowfintrevally_019_A_R.JPG,fish,yellowfintrevally,A,target_fish,1
yellowfintrevally_020_A,D:\Hirusha\fish_data\train\yellowfintrevally\Grade_A\yellowfintrevally_020_A_L.JPG,D:\Hirusha\fish_data\train\yellowfintrevally\Grade_A\yellowfintrevally_020_A_R.JPG,fish,yellowfintrevally,A,target_fish,1
yellowfintrevally_024_A,D:\Hirusha\fish_data\train\yellowfintrevally\Grade_A\yellowfintrevally_024_A_L.JPG,D:\Hirusha\fish_data\train\yellowfintrevally\Grade_A\yellowfintrevally_024_A_R.JPG,fish,yellowfintrevally,A,target_fish,1
yellowfintrevally_028_A,D:\Hirusha\fish_data\train\yellowfintrevally\Grade_A\yellowfintrevally_028_A_L.JPG,D:\Hirusha\fish_data\train\yellowfintrevally\Grade_A\yellowfintrevally_028_A_R.JPG,fish,yellowfintrevally,A,target_fish,1
yellowfintrevally_029_A,D:\Hirusha\fish_data\train\yellowfintrevally\Grade_A\yellowfintrevally_029_A_L.JPG,D:\Hirusha\fish_data\train\yellowfintrevally\Grade_A\yellowfintrevally_029_A_R.JPG,fish,yellowfintrevally,A,target_fish,1
yellowfintrevally_030_A,D:\Hirusha\fish_data\train\yellowfintrevally\Grade_A\yellowfintrevally_030_A_L.JPG,D:\Hirusha\fish_data\train\yellowfintrevally\Grade_A\yellowfintrevally_030_A_R.JPG,fish,yellowfintrevally,A,target_fish,1
yellowfintrevally_031_A,D:\Hirusha\fish_data\train\yellowfintrevally\Grade_A\yellowfintrevally_031_A_L.JPG,D:\Hirusha\fish_data\train\yellowfintrevally\Grade_A\yellowfintrevally_031_A_R.JPG,fish,yellowfintrevally,A,target_fish,1
yellowfintrevally_032_A,D:\Hirusha\fish_data\train\yellowfintrevally\Grade_A\yellowfintrevally_032_A_L.JPG,D:\Hirusha\fish_data\train\yellowfintrevally\Grade_A\yellowfintrevally_032_A_R.JPG,fish,yellowfintrevally,A,target_fish,1
yellowfintrevally_035_A,D:\Hirusha\fish_data\train\yellowfintrevally\Grade_A\yellowfintrevally_035_A_L.JPG,D:\Hirusha\fish_data\train\yellowfintrevally\Grade_A\yellowfintrevally_035_A_R.JPG,fish,yellowfintrevally,A,target_fish,1
yellowfintrevally_036_A,D:\Hirusha\fish_data\train\yellowfintrevally\Grade_A\yellowfintrevally_036_A_L.JPG,D:\Hirusha\fish_data\train\yellowfintrevally\Grade_A\yellowfintrevally_036_A_R.JPG,fish,yellowfintrevally,A,target_fish,1
yellowfintrevally_037_A,D:\Hirusha\fish_data\train\yellowfintrevally\Grade_A\yellowfintrevally_037_A_L.JPG,D:\Hirusha\fish_data\train\yellowfintrevally\Grade_A\yellowfintrevally_037_A_R.JPG,fish,yellowfintrevally,A,target_fish,1
yellowfintrevally_038_A,D:\Hirusha\fish_data\train\yellowfintrevally\Grade_A\yellowfintrevally_038_A_L.JPG,D:\Hirusha\fish_data\train\yellowfintrevally\Grade_A\yellowfintrevally_038_A_R.JPG,fish,yellowfintrevally,A,target_fish,1
yellowfintrevally_039_A,D:\Hirusha\fish_data\train\yellowfintrevally\Grade_A\yellowfintrevally_039_A_L.JPG,D:\Hirusha\fish_data\train\yellowfintrevally\Grade_A\yellowfintrevally_039_A_R.JPG,fish,yellowfintrevally,A,target_fish,1
yellowfintrevally_040_A,D:\Hirusha\fish_data\train\yellowfintrevally\Grade_A\yellowfintrevally_040_A_L.JPG,D:\Hirusha\fish_data\train\yellowfintrevally\Grade_A\yellowfintrevally_040_A_R.JPG,fish,yellowfintrevally,A,target_fish,1
yellowfintrevally_041_A,D:\Hirusha\fish_data\train\yellowfintrevally\Grade_A\yellowfintrevally_041_A_L.JPG,D:\Hirusha\fish_data\train\yellowfintrevally\Grade_A\yellowfintrevally_041_A_R.JPG,fish,yellowfintrevally,A,target_fish,1
yellowfintrevally_043_A,D:\Hirusha\fish_data\train\yellowfintrevally\Grade_A\yellowfintrevally_043_A_L.JPG,D:\Hirusha\fish_data\train\yellowfintrevally\Grade_A\yellowfintrevally_043_A_R.JPG,fish,yellowfintrevally,A,target_fish,1
